X-Axis,statusabsTime,statuscmdId,statusfx,statusfy,statusfz,statusrelTime,statusx,statusy,statusz
2.000000000000,1572533134.067,3375.000000000,-13.94773800000,-0.7541680000000,-35.97264800000,833.6330000000,279.2100219727,-257.2000427246,-108.4372253418
3.000000000000,1572533134.153,3376.000000000,-13.97695400000,-0.7753640000000,-35.99140400000,833.7190000000,279.2099914551,-257.2000122070,-108.0000076294
4.000000000000,1572533134.231,3377.000000000,-13.96951600000,-0.7444570000000,-35.98537600000,833.7970000000,279.2100219727,-257.2000122070,-107.9822921753
5.000000000000,1572533134.311,3377.000000000,-13.95641400000,-0.8316550000000,-35.96148000000,833.8770000000,279.2099914551,-257.2000427246,-106.8849334717
6.000000000000,1572533134.388,3377.000000000,-14.01863100000,-0.7852330000000,-35.98512000000,833.9540000000,279.2099914551,-257.2000427246,-105.2920532227
7.000000000000,1572533134.469,3377.000000000,-13.97856800000,-0.7995790000000,-35.96813600000,834.0350000000,279.2099914551,-257.2000122070,-103.8584213257
8.000000000000,1572533134.557,3377.000000000,-13.96868500000,-0.7740710000000,-35.96064400000,834.1230000000,279.2099304199,-257.2000122070,-101.9469375610
9.000000000000,1572533134.636,3377.000000000,-13.94878300000,-0.7627050000000,-35.95512000000,834.2020000000,279.2099609375,-257.1999816895,-100.5133056641
10.00000000000,1572533134.712,3377.000000000,-13.95883400000,-0.7308530000000,-35.94837200000,834.2780000000,279.2099914551,-257.2000122070,-98.92034912109
11.00000000000,1572533134.790,3377.000000000,-13.93632300000,-0.7640370000000,-35.93164800000,834.3560000000,279.2099914551,-257.2000427246,-97.32742309570
12.00000000000,1572533134.869,3377.000000000,-13.95677300000,-0.7448840000000,-35.92264800000,834.4350000000,279.2099914551,-257.2000122070,-95.89377593994
13.00000000000,1572533134.950,3377.000000000,-13.98441800000,-0.7861470000000,-35.92107200000,834.5160000000,279.2100219727,-257.2000427246,-94.30092620850
14.00000000000,1572533135.028,3377.000000000,-13.95708300000,-0.7671400000000,-35.94357600000,834.5940000000,279.2099609375,-257.1999511719,-92.70800018311
15.00000000000,1572533135.106,3377.000000000,-13.99262500000,-0.7478940000000,-35.92404000000,834.6720000000,279.2099914551,-257.2000122070,-91.11504364014
16.00000000000,1572533135.247,3377.000000000,-13.98675100000,-0.7987520000000,-35.92096000000,834.8130000000,279.2100219727,-257.2000122070,-90.01770019531
17.00000000000,1572533135.325,3378.000000000,-14.01300300000,-0.7912660000000,-35.88349600000,834.8910000000,279.2100219727,-257.2000122070,-90.00000762939
18.00000000000,1572533281.705,3379.000000000,-13.91958000000,-0.7940710000000,-34.87593600000,981.2710000000,279.2100219727,-257.2000122070,-90.00000762939
19.00000000000,1572533281.792,3380.000000000,-13.92536800000,-0.7888660000000,-34.86686000000,981.3580000000,279.2100219727,-257.2000122070,-90.00000762939
20.00000000000,1572533281.876,3381.000000000,-13.89831300000,-0.8345510000000,-34.89308800000,981.4420000000,279.2100219727,-257.2000122070,-90.00000762939
21.00000000000,1572533282.087,3382.000000000,-13.86720800000,-0.7885940000000,-34.88276000000,981.6530000000,279.2100219727,-257.2000122070,-90.00000762939
22.00000000000,1572533282.302,3382.000000000,-13.95996400000,-0.8140760000000,-34.86102800000,981.8680000000,279.2100219727,-257.2000122070,-90.00000762939
23.00000000000,1572533282.390,3383.000000000,-13.90434400000,-0.7666800000000,-34.86253200000,981.9560000000,279.2100219727,-257.2000427246,-90.00000762939
24.00000000000,1572533282.513,3383.000000000,-13.91787000000,-0.7911590000000,-34.86826400000,982.0790000000,279.2100219727,-257.2000427246,-90.00000762939
25.00000000000,1572533282.596,3383.000000000,-13.90047000000,-0.7962750000000,-34.84451200000,982.1620000000,279.2100219727,-257.2000427246,-90.00000762939
26.00000000000,1572533282.679,3383.000000000,-13.91301500000,-0.8050620000000,-34.85374400000,982.2450000000,279.2100219727,-257.2000427246,-90.00000762939
27.00000000000,1572533282.756,3383.000000000,-13.90957300000,-0.7994500000000,-34.85397600000,982.3220000000,279.2100219727,-257.2000427246,-90.00000762939
28.00000000000,1572533282.834,3383.000000000,-13.92916000000,-0.8197270000000,-34.86585200000,982.4000000000,279.2100219727,-257.2000427246,-90.00000762939
29.00000000000,1572533282.914,3383.000000000,-13.89488300000,-0.8179680000000,-34.86672400000,982.4800000000,279.2100219727,-257.2000427246,-90.00000762939
30.00000000000,1572533282.999,3383.000000000,-13.92267900000,-0.8293850000000,-34.87919200000,982.5650000000,279.2100219727,-257.2000427246,-90.00000762939
31.00000000000,1572533283.075,3383.000000000,-13.96261700000,-0.8278880000000,-34.87647600000,982.6410000000,279.2100219727,-257.2000427246,-90.00000762939
32.00000000000,1572533283.153,3383.000000000,-13.95340300000,-0.7825390000000,-34.86205200000,982.7190000000,279.2100219727,-257.2000427246,-90.00000762939
33.00000000000,1572533283.228,3383.000000000,-13.90501900000,-0.8045560000000,-34.87678400000,982.7940000000,279.2100219727,-257.2000427246,-90.00000762939
34.00000000000,1572533283.322,3383.000000000,-13.92469200000,-0.7904410000000,-34.86612000000,982.8880000000,279.2100219727,-257.2000427246,-90.00000762939
35.00000000000,1572533283.398,3383.000000000,-13.93056600000,-0.8210860000000,-34.83819200000,982.9640000000,279.2100219727,-257.2000427246,-90.00000762939
36.00000000000,1572533283.477,3384.000000000,-13.92753700000,-0.7715400000000,-34.85285600000,983.0430000000,279.2100219727,-257.2000427246,-90.00531768799
37.00000000000,1572533283.554,3384.000000000,-13.97874800000,-0.8710900000000,-34.77769600000,983.1200000000,279.2100219727,-257.2000427246,-90.87815093994
38.00000000000,1572533283.630,3384.000000000,-13.92717600000,-0.8256690000000,-34.85532000000,983.1960000000,279.2100219727,-257.2000427246,-92.47480773926
39.00000000000,1572533283.709,3384.000000000,-13.92358000000,-0.8219570000000,-34.87838400000,983.2750000000,279.2099914551,-257.2000122070,-93.91182708740
40.00000000000,1572533283.785,3384.000000000,-13.91855300000,-0.7856840000000,-34.83573600000,983.3510000000,279.2099914551,-257.2000122070,-95.50839233398
41.00000000000,1572533283.865,3384.000000000,-13.92681200000,-0.8641340000000,-34.84571200000,983.4310000000,279.2100219727,-257.2000427246,-97.10507202148
42.00000000000,1572533283.940,3384.000000000,-13.93036100000,-0.7755120000000,-34.83114000000,983.5060000000,279.2100219727,-257.2000427246,-98.70171356201
43.00000000000,1572533284.036,3384.000000000,-13.91514500000,-0.7923800000000,-34.85196800000,983.6020000000,279.2099914551,-257.2000122070,-100.1386489868
44.00000000000,1572533284.113,3384.000000000,-13.94454900000,-0.8566940000000,-34.85376000000,983.6790000000,279.2099914551,-257.2000122070,-102.0546646118
45.00000000000,1572533284.194,3384.000000000,-13.91692300000,-0.8463040000000,-34.85936800000,983.7600000000,279.2099914551,-257.2000122070,-103.6512603760
46.00000000000,1572533284.271,3384.000000000,-13.90812100000,-0.7783990000000,-34.87377200000,983.8370000000,279.2099304199,-257.1999816895,-105.2479095459
47.00000000000,1572533284.350,3384.000000000,-13.95981100000,-0.7867860000000,-34.83786000000,983.9160000000,279.2099914551,-257.2000122070,-106.6848754883
48.00000000000,1572533284.557,3384.000000000,-13.91951700000,-0.8371330000000,-34.84699200000,984.1230000000,279.2099609375,-257.1999816895,-108.2815246582
49.00000000000,1572533284.635,3385.000000000,-13.90464700000,-0.8293330000000,-34.84934000000,984.2010000000,279.2099304199,-257.1999816895,-109.0000381470
50.00000000000,1572533284.713,3385.000000000,-13.91729500000,-0.8453470000000,-34.82536000000,984.2790000000,279.2099304199,-257.1999816895,-109.0000381470
51.00000000000,1572533284.789,3385.000000000,-13.90340500000,-0.8584580000000,-34.84282800000,984.3550000000,279.2099304199,-257.1999816895,-109.0000381470
52.00000000000,1572533284.873,3385.000000000,-13.90463700000,-0.8526650000000,-34.89431600000,984.4390000000,279.2099304199,-257.1999816895,-109.0000381470
53.00000000000,1572533284.949,3385.000000000,-13.91071500000,-0.7817130000000,-34.85168800000,984.5150000000,279.2099304199,-257.1999816895,-109.0000381470
54.00000000000,1572533285.032,3385.000000000,-13.92122700000,-0.7690880000000,-34.85475600000,984.5980000000,279.2099304199,-257.1999816895,-109.0000381470
55.00000000000,1572533285.113,3385.000000000,-13.94871800000,-0.8277580000000,-34.87353600000,984.6790000000,279.2099304199,-257.1999816895,-109.0000381470
56.00000000000,1572533285.195,3385.000000000,-13.94170400000,-0.8070650000000,-34.83951200000,984.7610000000,279.2099304199,-257.1999816895,-109.0000381470
57.00000000000,1572533285.271,3385.000000000,-13.90776000000,-0.8364390000000,-34.88398400000,984.8370000000,279.2099304199,-257.1999816895,-109.0000381470
58.00000000000,1572533285.348,3385.000000000,-13.91297800000,-0.7721070000000,-34.84179200000,984.9140000000,279.2099304199,-257.1999816895,-109.0000381470
59.00000000000,1572533285.425,3385.000000000,-13.93331300000,-0.8158410000000,-34.84219200000,984.9910000000,279.2099304199,-257.1999816895,-109.0000381470
60.00000000000,1572533285.504,3385.000000000,-13.95089300000,-0.8209330000000,-34.87036800000,985.0700000000,279.2099304199,-257.1999816895,-109.0000381470
61.00000000000,1572533285.580,3385.000000000,-13.92444300000,-0.8380940000000,-34.83635200000,985.1460000000,279.2099304199,-257.1999816895,-109.0000381470
62.00000000000,1572533285.658,3386.000000000,-13.93441400000,-0.8001060000000,-34.82192400000,985.2240000000,279.2099304199,-257.1999816895,-109.0000381470
63.00000000000,1572533285.744,3387.000000000,-14.18628500000,-1.944689000000,-43.32841200000,985.3100000000,279.2099304199,-257.1999816895,-109.0000381470
64.00000000000,1572533285.829,3387.000000000,-14.13649500000,-1.587419000000,-42.22978000000,985.3950000000,279.2099304199,-257.1999816895,-109.0000381470
65.00000000000,1572533285.911,3387.000000000,-14.00654700000,-1.422147000000,-41.18759200000,985.4770000000,279.2099304199,-257.1999816895,-109.0000381470
66.00000000000,1572533285.993,3387.000000000,-13.99393400000,-1.539571000000,-41.16069200000,985.5590000000,279.2099304199,-257.1999816895,-109.0000381470
67.00000000000,1572533286.072,3387.000000000,-14.09551800000,-1.530303000000,-41.92008400000,985.6380000000,279.2099304199,-257.1999816895,-109.0000381470
68.00000000000,1572533286.147,3387.000000000,-14.08737600000,-1.469507000000,-41.33971600000,985.7130000000,279.2099304199,-257.1999816895,-109.0000381470
69.00000000000,1572533286.227,3387.000000000,-14.01952800000,-1.370110000000,-40.83810000000,985.7930000000,279.2099304199,-257.1999816895,-109.0000381470
70.00000000000,1572533286.303,3387.000000000,-14.06422400000,-1.469966000000,-41.37934800000,985.8690000000,279.2099304199,-257.1999816895,-109.0000381470
71.00000000000,1572533286.383,3387.000000000,-14.05382100000,-1.453440000000,-41.50423200000,985.9490000000,279.2099304199,-257.1999816895,-109.0000381470
72.00000000000,1572533286.466,3387.000000000,-14.05068400000,-1.347928000000,-40.72709600000,986.0320000000,279.2099304199,-257.1999816895,-109.0000381470
73.00000000000,1572533286.544,3387.000000000,-14.03317400000,-1.380123000000,-41.00859200000,986.1100000000,279.2099304199,-257.1999816895,-109.0000381470
74.00000000000,1572533286.631,3387.000000000,-14.07938200000,-1.421228000000,-41.47283200000,986.1970000000,279.2099304199,-257.1999816895,-109.0000381470
75.00000000000,1572533286.710,3387.000000000,-14.03798100000,-1.373803000000,-40.92400400000,986.2760000000,279.2099304199,-257.1999816895,-109.0000381470
76.00000000000,1572533286.789,3388.000000000,-14.01321500000,-1.402607000000,-40.85205600000,986.3550000000,279.2100219727,-257.2000427246,-108.9787292480
77.00000000000,1572533286.870,3388.000000000,-13.89162900000,-0.6933110000000,-34.72920000000,986.4360000000,279.2099914551,-257.2000122070,-107.9621887207
78.00000000000,1572533286.945,3388.000000000,-13.90026400000,-0.7526180000000,-34.66054400000,986.5110000000,279.2100219727,-257.2000427246,-106.3655548096
79.00000000000,1572533287.036,3388.000000000,-13.86748200000,-0.7516170000000,-34.64901600000,986.6020000000,279.2099914551,-257.2000122070,-104.6092300415
80.00000000000,1572533287.122,3388.000000000,-13.86509400000,-0.7501210000000,-34.64425600000,986.6880000000,279.2099914551,-257.2000122070,-103.0125885010
81.00000000000,1572533287.201,3388.000000000,-13.83733900000,-0.7656110000000,-34.65478400000,986.7670000000,279.2099914551,-257.2000122070,-101.2562789917
82.00000000000,1572533287.277,3388.000000000,-13.89478000000,-0.7184040000000,-34.67538000000,986.8430000000,279.2099914551,-257.2000122070,-99.65968322754
83.00000000000,1572533287.363,3388.000000000,-13.91776200000,-0.7512770000000,-34.67996000000,986.9290000000,279.2099914551,-257.2000732422,-98.06304931641
84.00000000000,1572533287.439,3388.000000000,-13.91296700000,-0.7495460000000,-34.67561600000,987.0050000000,279.2099609375,-257.2000732422,-96.46638488770
85.00000000000,1572533287.517,3388.000000000,-13.88861900000,-0.7391270000000,-34.69667200000,987.0830000000,279.2099914551,-257.2001037598,-95.02938842773
86.00000000000,1572533287.594,3388.000000000,-13.88851800000,-0.7365430000000,-34.65855200000,987.1600000000,279.2100219727,-257.2000427246,-93.43279266357
87.00000000000,1572533287.680,3388.000000000,-13.92373200000,-0.7524950000000,-34.67364800000,987.2460000000,279.2100524902,-257.2000732422,-91.83612060547
88.00000000000,1572533287.842,3388.000000000,-13.91995900000,-0.7800370000000,-34.66504800000,987.4080000000,279.2099914551,-257.2000122070,-90.29273223877
89.00000000000,1572533287.931,3389.000000000,-13.90034500000,-0.7273450000000,-34.69128400000,987.4970000000,279.2100219727,-257.2000732422,-90.00000762939
90.00000000000,1572533288.009,3390.000000000,-13.88549400000,-0.7373800000000,-34.68588000000,987.5750000000,279.2100219727,-257.2000732422,-90.00000762939
91.00000000000,1572533288.090,3391.000000000,-13.89268100000,-0.7555520000000,-34.67246800000,987.6560000000,279.2100219727,-257.2000732422,-90.00000762939
92.00000000000,1572533288.176,3392.000000000,-13.88812300000,-0.7543370000000,-34.65451200000,987.7420000000,279.2099914551,-257.2000732422,-90.00215148926
93.00000000000,1572533288.259,3392.000000000,-13.92442800000,-0.7910590000000,-34.65096800000,987.8250000000,279.2100219727,-257.2001037598,-90.41551971436
94.00000000000,1572533288.352,3392.000000000,-13.87824200000,-0.7775350000000,-34.69800800000,987.9180000000,279.2099609375,-257.2000732422,-91.24659729004
95.00000000000,1572533288.432,3392.000000000,-13.92628600000,-0.7727470000000,-34.64501200000,987.9980000000,279.2100219727,-257.2001342773,-91.82190704346
96.00000000000,1572533288.521,3392.000000000,-13.91182800000,-0.7936420000000,-34.70144000000,988.0870000000,279.2099914551,-257.2000732422,-92.46121978760
97.00000000000,1572533288.610,3392.000000000,-13.87295900000,-0.7670280000000,-34.70339200000,988.1760000000,279.2100219727,-257.2001037598,-93.22830963135
98.00000000000,1572533288.690,3392.000000000,-13.94129600000,-0.8058170000000,-34.66405600000,988.2560000000,279.2100219727,-257.2001037598,-93.93156433105
99.00000000000,1572533288.774,3392.000000000,-13.89901500000,-0.7597660000000,-34.64569600000,988.3400000000,279.2099914551,-257.2000732422,-94.57079315186
100.0000000000,1572533288.855,3392.000000000,-13.89233700000,-0.7560880000000,-34.66755200000,988.4210000000,279.2099914551,-257.2001037598,-95.27400970459
101.0000000000,1572533288.955,3392.000000000,-13.92031200000,-0.7943550000000,-34.67024800000,988.5210000000,279.2099914551,-257.2000732422,-95.97718811035
102.0000000000,1572533289.035,3392.000000000,-13.91065000000,-0.8280780000000,-34.67382400000,988.6010000000,279.2099609375,-257.2000427246,-96.68040466309
103.0000000000,1572533289.117,3392.000000000,-13.89563100000,-0.7803020000000,-34.68826000000,988.6830000000,279.2100219727,-257.2000427246,-97.31968688965
104.0000000000,1572533289.200,3392.000000000,-13.92735500000,-0.7560870000000,-34.63910400000,988.7660000000,279.2100219727,-257.2000427246,-97.95891571045
105.0000000000,1572533289.286,3392.000000000,-13.88254200000,-0.7644540000000,-34.66086800000,988.8520000000,279.2100219727,-257.2000427246,-98.59816741943
106.0000000000,1572533289.372,3392.000000000,-13.91925100000,-0.7454120000000,-34.65893600000,988.9380000000,279.2099914551,-257.2000427246,-99.36531066895
107.0000000000,1572533289.468,3392.000000000,-13.90307400000,-0.7689070000000,-34.63820000000,989.0340000000,279.2099914551,-257.2000122070,-100.1324615479
108.0000000000,1572533289.549,3392.000000000,-13.86876300000,-0.7597830000000,-34.68622400000,989.1150000000,279.2100219727,-257.2000427246,-100.7716674805
109.0000000000,1572533289.629,3392.000000000,-13.88876400000,-0.7974280000000,-34.60444800000,989.1950000000,279.2099609375,-257.2000122070,-101.4109802246
110.0000000000,1572533289.710,3392.000000000,-13.88748400000,-0.7624960000000,-34.69195600000,989.2760000000,279.2099914551,-257.2000427246,-102.0502319336
111.0000000000,1572533289.799,3392.000000000,-13.90680700000,-0.7305060000000,-34.69638800000,989.3650000000,279.2100219727,-257.2000732422,-102.6894989014
112.0000000000,1572533289.881,3392.000000000,-13.94837500000,-0.7557540000000,-34.57844400000,989.4470000000,279.2100219727,-257.2000732422,-103.4566345215
113.0000000000,1572533289.995,3392.000000000,-13.92451100000,-0.7721460000000,-34.65826400000,989.5610000000,279.2099609375,-257.2000427246,-104.2237396240
114.0000000000,1572533290.077,3392.000000000,-13.90001500000,-0.7576450000000,-34.65076800000,989.6430000000,279.2099609375,-257.2000732422,-104.9908981323
115.0000000000,1572533290.175,3392.000000000,-13.92169300000,-0.7802590000000,-34.63590000000,989.7410000000,279.2099914551,-257.2000732422,-105.6940765381
116.0000000000,1572533290.256,3392.000000000,-13.94899300000,-0.7791730000000,-34.61350000000,989.8220000000,279.2099914551,-257.2000732422,-106.3972930908
117.0000000000,1572533290.336,3392.000000000,-13.87021300000,-0.7712540000000,-34.72414400000,989.9020000000,279.2099609375,-257.2000427246,-107.0365447998
118.0000000000,1572533290.418,3392.000000000,-13.88613200000,-0.7694570000000,-34.63522400000,989.9840000000,279.2099914551,-257.2000732422,-107.6758117676
119.0000000000,1572533290.505,3392.000000000,-13.91094400000,-0.7943170000000,-34.67376800000,990.0710000000,279.2099914551,-257.2001037598,-108.3790054321
120.0000000000,1572533290.602,3392.000000000,-14.72833600000,-2.573278000000,-49.46611200000,990.1680000000,279.2100219727,-257.2001037598,-109.0822067261
121.0000000000,1572533290.686,3393.000000000,-14.31913700000,-2.031554000000,-45.18996800000,990.2520000000,279.2099609375,-257.2000732422,-109.5616531372
122.0000000000,1572533290.765,3393.000000000,-14.32130900000,-1.966479000000,-44.83709200000,990.3310000000,279.2099609375,-257.2000732422,-109.5616531372
123.0000000000,1572533290.841,3393.000000000,-14.33874600000,-1.957634000000,-45.03735600000,990.4070000000,279.2099609375,-257.2000732422,-109.5616531372
124.0000000000,1572533290.922,3393.000000000,-14.30726000000,-1.809920000000,-44.34188800000,990.4880000000,279.2099609375,-257.2000732422,-109.5616531372
125.0000000000,1572533290.998,3393.000000000,-14.31951500000,-1.811502000000,-44.18977600000,990.5640000000,279.2099609375,-257.2000732422,-109.5616531372
126.0000000000,1572533291.078,3393.000000000,-14.41605600000,-1.825145000000,-44.72168400000,990.6440000000,279.2099609375,-257.2000732422,-109.5616531372
127.0000000000,1572533291.154,3393.000000000,-14.36391500000,-1.812289000000,-44.75376800000,990.7200000000,279.2099609375,-257.2000732422,-109.5616531372
128.0000000000,1572533291.232,3393.000000000,-14.36056200000,-1.748524000000,-44.39618000000,990.7980000000,279.2099609375,-257.2000732422,-109.5616531372
129.0000000000,1572533291.308,3393.000000000,-14.29920100000,-1.739733000000,-44.28722800000,990.8740000000,279.2099609375,-257.2000732422,-109.5616531372
130.0000000000,1572533291.387,3393.000000000,-14.36331900000,-1.768688000000,-44.63791600000,990.9530000000,279.2099609375,-257.2000732422,-109.5616531372
131.0000000000,1572533291.473,3393.000000000,-14.30922700000,-1.719987000000,-44.19905600000,991.0390000000,279.2099609375,-257.2000732422,-109.5616531372
132.0000000000,1572533291.552,3393.000000000,-14.34230000000,-1.680228000000,-44.11785600000,991.1180000000,279.2099609375,-257.2000732422,-109.5616531372
133.0000000000,1572533291.628,3393.000000000,-14.35248500000,-1.716709000000,-44.21034800000,991.1940000000,279.2099609375,-257.2000732422,-109.5616531372
134.0000000000,1572533291.706,3393.000000000,-14.33503800000,-1.684115000000,-44.18496000000,991.2720000000,279.2099609375,-257.2000732422,-109.5616531372
135.0000000000,1572533291.784,3393.000000000,-14.34414200000,-1.698380000000,-44.26260400000,991.3500000000,279.2099609375,-257.2000732422,-109.5616531372
136.0000000000,1572533291.864,3393.000000000,-14.35240800000,-1.645001000000,-44.09390400000,991.4300000000,279.2099609375,-257.2000732422,-109.5616531372
137.0000000000,1572533291.939,3393.000000000,-14.30087000000,-1.605650000000,-44.07214800000,991.5050000000,279.2099609375,-257.2000732422,-109.5616531372
138.0000000000,1572533292.018,3393.000000000,-14.35224700000,-1.642636000000,-44.15465600000,991.5840000000,279.2099609375,-257.2000732422,-109.5616531372
139.0000000000,1572533292.092,3393.000000000,-14.30340500000,-1.606354000000,-43.93178800000,991.6580000000,279.2099609375,-257.2000732422,-109.5616531372
140.0000000000,1572533292.171,3393.000000000,-14.32465600000,-1.621006000000,-44.10607200000,991.7370000000,279.2099609375,-257.2000732422,-109.5616531372
141.0000000000,1572533292.248,3393.000000000,-14.32293900000,-1.602786000000,-44.10703200000,991.8140000000,279.2099609375,-257.2000732422,-109.5616531372
142.0000000000,1572533292.325,3393.000000000,-14.32779900000,-1.583167000000,-43.94632000000,991.8910000000,279.2099609375,-257.2000732422,-109.5616531372
143.0000000000,1572533292.401,3393.000000000,-14.37687600000,-1.646352000000,-44.18588800000,991.9670000000,279.2099609375,-257.2000732422,-109.5616531372
144.0000000000,1572533292.494,3393.000000000,-14.34973500000,-1.595615000000,-43.97251200000,992.0600000000,279.2099609375,-257.2000732422,-109.5616531372
145.0000000000,1572533292.572,3393.000000000,-14.37486000000,-1.604795000000,-44.09608000000,992.1380000000,279.2099609375,-257.2000732422,-109.5616531372
146.0000000000,1572533292.652,3393.000000000,-14.35581900000,-1.590209000000,-44.14259200000,992.2180000000,279.2099609375,-257.2000732422,-109.5616531372
147.0000000000,1572533292.728,3393.000000000,-14.28800200000,-1.560977000000,-43.77488000000,992.2940000000,279.2099609375,-257.2000732422,-109.5616531372
148.0000000000,1572533292.808,3393.000000000,-14.34410400000,-1.585042000000,-44.06209600000,992.3740000000,279.2099609375,-257.2000732422,-109.5616531372
149.0000000000,1572533292.890,3393.000000000,-14.34540100000,-1.647545000000,-44.16201600000,992.4560000000,279.2099609375,-257.2000732422,-109.5616531372
150.0000000000,1572533292.968,3393.000000000,-14.32114600000,-1.570173000000,-44.01301600000,992.5340000000,279.2099609375,-257.2000732422,-109.5616531372
151.0000000000,1572533293.045,3393.000000000,-14.33796800000,-1.615381000000,-44.01547200000,992.6110000000,279.2099609375,-257.2000732422,-109.5616531372
152.0000000000,1572533293.139,3393.000000000,-14.34787500000,-1.564151000000,-43.98214400000,992.7050000000,279.2099609375,-257.2000732422,-109.5616531372
153.0000000000,1572533293.215,3393.000000000,-14.34737700000,-1.576097000000,-43.80379600000,992.7810000000,279.2099609375,-257.2000732422,-109.5616531372
154.0000000000,1572533293.298,3393.000000000,-14.35172900000,-1.648196000000,-44.17733600000,992.8640000000,279.2099609375,-257.2000732422,-109.5616531372
155.0000000000,1572533293.382,3393.000000000,-14.33321800000,-1.570544000000,-44.13956800000,992.9480000000,279.2099609375,-257.2000732422,-109.5616531372
156.0000000000,1572533293.460,3393.000000000,-14.33245400000,-1.550711000000,-43.96707200000,993.0260000000,279.2099609375,-257.2000732422,-109.5616531372
157.0000000000,1572533293.535,3393.000000000,-14.31419500000,-1.627003000000,-44.16848800000,993.1010000000,279.2099609375,-257.2000732422,-109.5616531372
158.0000000000,1572533293.614,3393.000000000,-14.35837200000,-1.579446000000,-44.25873200000,993.1800000000,279.2099609375,-257.2000732422,-109.5616531372
159.0000000000,1572533293.700,3393.000000000,-14.31312200000,-1.570888000000,-43.83802400000,993.2660000000,279.2099609375,-257.2000732422,-109.5616531372
160.0000000000,1572533293.788,3393.000000000,-14.35183900000,-1.563771000000,-44.14393200000,993.3540000000,279.2099609375,-257.2000732422,-109.5616531372
161.0000000000,1572533293.864,3393.000000000,-14.33707200000,-1.528168000000,-44.17660800000,993.4300000000,279.2099609375,-257.2000732422,-109.5616531372
162.0000000000,1572533293.942,3393.000000000,-14.31508400000,-1.576461000000,-44.06211200000,993.5080000000,279.2099609375,-257.2000732422,-109.5616531372
163.0000000000,1572533294.020,3393.000000000,-14.33958800000,-1.560161000000,-44.14444000000,993.5860000000,279.2099609375,-257.2000732422,-109.5616531372
164.0000000000,1572533294.123,3393.000000000,-14.34756500000,-1.555351000000,-43.84668000000,993.6890000000,279.2099609375,-257.2000732422,-109.5616531372
165.0000000000,1572533294.202,3393.000000000,-14.32441700000,-1.500193000000,-43.88651600000,993.7680000000,279.2099609375,-257.2000732422,-109.5616531372
166.0000000000,1572533294.281,3393.000000000,-14.36105600000,-1.565909000000,-44.00501200000,993.8470000000,279.2099609375,-257.2000732422,-109.5616531372
167.0000000000,1572533294.357,3393.000000000,-14.33302000000,-1.544706000000,-43.87202400000,993.9230000000,279.2099609375,-257.2000732422,-109.5616531372
168.0000000000,1572533294.435,3393.000000000,-14.34079100000,-1.527078000000,-43.89772000000,994.0010000000,279.2099609375,-257.2000732422,-109.5616531372
169.0000000000,1572533294.510,3393.000000000,-14.33658500000,-1.535185000000,-43.94964400000,994.0760000000,279.2099609375,-257.2000732422,-109.5616531372
170.0000000000,1572533294.591,3393.000000000,-14.35347300000,-1.565048000000,-44.02876800000,994.1570000000,279.2099609375,-257.2000732422,-109.5616531372
171.0000000000,1572533294.665,3393.000000000,-14.32599500000,-1.524765000000,-43.94706400000,994.2310000000,279.2099609375,-257.2000732422,-109.5616531372
172.0000000000,1572533294.744,3393.000000000,-14.32082100000,-1.549755000000,-43.86004000000,994.3100000000,279.2099609375,-257.2000732422,-109.5616531372
173.0000000000,1572533294.821,3393.000000000,-14.33788500000,-1.541168000000,-43.90430400000,994.3870000000,279.2099609375,-257.2000732422,-109.5616531372
174.0000000000,1572533294.914,3393.000000000,-14.31700600000,-1.532844000000,-43.87369600000,994.4800000000,279.2099609375,-257.2000732422,-109.5616531372
175.0000000000,1572533294.991,3393.000000000,-14.34507400000,-1.550481000000,-43.95727200000,994.5570000000,279.2099609375,-257.2000732422,-109.5616531372
176.0000000000,1572533295.069,3393.000000000,-14.34644700000,-1.513816000000,-43.95650400000,994.6350000000,279.2099609375,-257.2000732422,-109.5616531372
177.0000000000,1572533295.145,3393.000000000,-14.35150100000,-1.549308000000,-44.06212800000,994.7110000000,279.2099609375,-257.2000732422,-109.5616531372
178.0000000000,1572533295.224,3393.000000000,-14.35323200000,-1.547345000000,-43.94220800000,994.7900000000,279.2099609375,-257.2000732422,-109.5616531372
179.0000000000,1572533295.313,3393.000000000,-14.35806300000,-1.556524000000,-44.08840800000,994.8790000000,279.2099609375,-257.2000732422,-109.5616531372
180.0000000000,1572533295.394,3393.000000000,-14.36055100000,-1.527097000000,-44.06166400000,994.9600000000,279.2099609375,-257.2000732422,-109.5616531372
181.0000000000,1572533295.470,3393.000000000,-14.33467500000,-1.517747000000,-44.04890800000,995.0360000000,279.2099609375,-257.2000732422,-109.5616531372
182.0000000000,1572533295.553,3393.000000000,-14.32305000000,-1.526407000000,-43.93182400000,995.1190000000,279.2099609375,-257.2000732422,-109.5616531372
183.0000000000,1572533295.628,3393.000000000,-14.33063500000,-1.550251000000,-43.94486000000,995.1940000000,279.2099609375,-257.2000732422,-109.5616531372
184.0000000000,1572533295.718,3394.000000000,-13.99124600000,-0.8412130000000,-34.99245600000,995.2840000000,279.2099609375,-257.2000732422,-109.5616531372
185.0000000000,1572533295.800,3395.000000000,-13.96762400000,-0.7838850000000,-35.13923600000,995.3660000000,279.2100219727,-257.2001342773,-109.5264968872
186.0000000000,1572533296.011,3395.000000000,-13.93722200000,-0.7853050000000,-35.10263200000,995.5770000000,279.2099914551,-257.2001037598,-108.9994735718
187.0000000000,1572533296.149,3395.000000000,-13.92253500000,-0.7791640000000,-35.08937600000,995.7150000000,279.2100219727,-257.2000732422,-107.9999847412
188.0000000000,1572533296.237,3396.000000000,-13.94249100000,-0.8239770000000,-35.09374000000,995.8030000000,279.2100219727,-257.2000732422,-107.9999847412
189.0000000000,1572533296.324,3397.000000000,-14.01415600000,-0.8272060000000,-35.07448400000,995.8900000000,279.2100830078,-257.2001037598,-107.9468841553
190.0000000000,1572533296.403,3397.000000000,-13.95831100000,-0.8339570000000,-35.10488800000,995.9690000000,279.2100524902,-257.2001037598,-106.6460113525
191.0000000000,1572533296.481,3397.000000000,-13.94685500000,-0.8185840000000,-35.07368400000,996.0470000000,279.2100524902,-257.2001037598,-105.0530853271
192.0000000000,1572533296.560,3397.000000000,-13.97810800000,-0.7869470000000,-35.08504400000,996.1260000000,279.2100830078,-257.2000732422,-103.4601516724
193.0000000000,1572533296.636,3397.000000000,-13.95088600000,-0.7749990000000,-35.09048000000,996.2020000000,279.2100524902,-257.2000427246,-102.0265350342
194.0000000000,1572533296.729,3397.000000000,-13.94310300000,-0.7797100000000,-35.03580800000,996.2950000000,279.2100524902,-257.2000732422,-100.2743072510
195.0000000000,1572533296.804,3397.000000000,-13.96821800000,-0.8018250000000,-35.05733200000,996.3700000000,279.2100219727,-257.2000732422,-98.52209472656
196.0000000000,1572533296.884,3397.000000000,-13.89570200000,-0.8007800000000,-35.05112000000,996.4500000000,279.2100524902,-257.2001342773,-97.08844757080
197.0000000000,1572533296.970,3397.000000000,-13.95460000000,-0.7614760000000,-35.10435600000,996.5360000000,279.2099914551,-257.2000732422,-95.49554443359
198.0000000000,1572533297.050,3397.000000000,-13.95532400000,-0.7922800000000,-35.07580800000,996.6160000000,279.2100219727,-257.2000732422,-93.74333953857
199.0000000000,1572533297.133,3397.000000000,-13.96264000000,-0.8095040000000,-35.03336800000,996.6990000000,279.2100219727,-257.2000732422,-91.99112701416
200.0000000000,1572533297.320,3397.000000000,-13.97089400000,-0.8332590000000,-35.02837600000,996.8860000000,279.2100524902,-257.2001037598,-90.56277465820
201.0000000000,1572533297.398,3398.000000000,-13.97715600000,-0.7807300000000,-35.06171600000,996.9640000000,279.2100219727,-257.2000732422,-90.00000762939
202.0000000000,1572533392.805,3399.000000000,-13.87239600000,-0.8333270000000,-34.56822000000,1092.371000000,279.2100219727,-257.2000732422,-90.00000762939
203.0000000000,1572533392.885,3400.000000000,-13.86834100000,-0.8106950000000,-34.56548800000,1092.451000000,279.2100219727,-257.2000732422,-90.00000762939
204.0000000000,1572533392.977,3401.000000000,-13.90118600000,-0.8175770000000,-34.56767200000,1092.543000000,279.2100219727,-257.2000732422,-90.00000762939
205.0000000000,1572533393.186,3402.000000000,-13.91503900000,-0.8556510000000,-34.57343200000,1092.752000000,279.2100219727,-257.2000732422,-90.00000762939
206.0000000000,1572533393.403,3402.000000000,-13.92086100000,-0.8268680000000,-34.57996000000,1092.969000000,279.2100219727,-257.2000732422,-90.00000762939
207.0000000000,1572533393.480,3403.000000000,-13.88480300000,-0.8570550000000,-34.54120000000,1093.046000000,279.2100219727,-257.2000427246,-90.00000762939
208.0000000000,1572533393.560,3403.000000000,-13.93076500000,-0.8227900000000,-34.57416000000,1093.126000000,279.2100219727,-257.2000427246,-90.00000762939
209.0000000000,1572533393.636,3403.000000000,-13.93711400000,-0.8108030000000,-34.53378800000,1093.202000000,279.2100219727,-257.2000427246,-90.00000762939
210.0000000000,1572533393.724,3403.000000000,-13.89989900000,-0.8402420000000,-34.55920800000,1093.290000000,279.2100219727,-257.2000427246,-90.00000762939
211.0000000000,1572533393.800,3403.000000000,-13.94498400000,-0.8145130000000,-34.57524000000,1093.366000000,279.2100219727,-257.2000427246,-90.00000762939
212.0000000000,1572533393.885,3403.000000000,-13.90613300000,-0.8073570000000,-34.56851200000,1093.451000000,279.2100219727,-257.2000427246,-90.00000762939
213.0000000000,1572533393.961,3403.000000000,-13.86729300000,-0.8435200000000,-34.55030800000,1093.527000000,279.2100219727,-257.2000427246,-90.00000762939
214.0000000000,1572533394.039,3403.000000000,-13.91568700000,-0.7907210000000,-34.55782800000,1093.605000000,279.2100219727,-257.2000427246,-90.00000762939
215.0000000000,1572533394.114,3403.000000000,-13.88733400000,-0.8093880000000,-34.55152800000,1093.680000000,279.2100219727,-257.2000427246,-90.00000762939
216.0000000000,1572533394.197,3403.000000000,-13.88283200000,-0.8253200000000,-34.55410800000,1093.763000000,279.2100219727,-257.2000427246,-90.00000762939
217.0000000000,1572533394.285,3403.000000000,-13.89886100000,-0.7755480000000,-34.55641600000,1093.851000000,279.2100219727,-257.2000427246,-90.00000762939
218.0000000000,1572533394.365,3403.000000000,-13.91856700000,-0.8108460000000,-34.55890800000,1093.931000000,279.2100219727,-257.2000427246,-90.00000762939
219.0000000000,1572533394.443,3403.000000000,-13.86815600000,-0.8392780000000,-34.55730400000,1094.009000000,279.2100219727,-257.2000427246,-90.00000762939
220.0000000000,1572533394.523,3404.000000000,-13.91858700000,-0.8008190000000,-34.56287200000,1094.089000000,279.2100219727,-257.2000427246,-90.02126312256
221.0000000000,1572533394.599,3404.000000000,-13.86471700000,-0.8286170000000,-34.55786000000,1094.165000000,279.2099914551,-257.2000122070,-91.19750976563
222.0000000000,1572533394.700,3404.000000000,-13.91651200000,-0.8064060000000,-34.56295600000,1094.266000000,279.2100219727,-257.2000732422,-93.11346435547
223.0000000000,1572533394.786,3404.000000000,-13.90293000000,-0.7899570000000,-34.53878800000,1094.352000000,279.2099914551,-257.2000427246,-94.86976623535
224.0000000000,1572533394.867,3404.000000000,-13.89808300000,-0.8263300000000,-34.56500800000,1094.433000000,279.2099914551,-257.2000427246,-96.46641540527
225.0000000000,1572533394.970,3404.000000000,-13.91384700000,-0.8322190000000,-34.54426400000,1094.536000000,279.2099914551,-257.2000732422,-98.54203796387
226.0000000000,1572533395.046,3404.000000000,-13.88101600000,-0.8227610000000,-34.57676000000,1094.612000000,279.2099609375,-257.2000427246,-100.1386566162
227.0000000000,1572533395.123,3404.000000000,-13.92378400000,-0.8120120000000,-34.56239600000,1094.689000000,279.2099609375,-257.1999816895,-101.5756378174
228.0000000000,1572533395.200,3404.000000000,-13.87259700000,-0.8240540000000,-34.50651600000,1094.766000000,279.2099609375,-257.1999816895,-103.1723175049
229.0000000000,1572533395.293,3404.000000000,-13.94767600000,-0.8660600000000,-34.54068000000,1094.859000000,279.2099914551,-257.2000427246,-104.9285583496
230.0000000000,1572533395.370,3404.000000000,-13.88411400000,-0.8032110000000,-34.59034800000,1094.936000000,279.2099609375,-257.2000122070,-106.5252075195
231.0000000000,1572533395.580,3404.000000000,-13.88082500000,-0.8582860000000,-34.55221200000,1095.146000000,279.2099304199,-257.2000122070,-108.1218872070
232.0000000000,1572533395.659,3405.000000000,-13.86828600000,-0.8195930000000,-34.56778800000,1095.225000000,279.2099304199,-257.1999816895,-109.0000381470
233.0000000000,1572533395.740,3405.000000000,-13.89811800000,-0.8153620000000,-34.56105600000,1095.306000000,279.2099304199,-257.1999816895,-109.0000381470
234.0000000000,1572533395.816,3405.000000000,-13.89511300000,-0.8133500000000,-34.55202400000,1095.382000000,279.2099304199,-257.1999816895,-109.0000381470
235.0000000000,1572533395.898,3405.000000000,-13.91315900000,-0.8393880000000,-34.54209600000,1095.464000000,279.2099304199,-257.1999816895,-109.0000381470
236.0000000000,1572533395.975,3405.000000000,-13.89075600000,-0.8305600000000,-34.56704800000,1095.541000000,279.2099304199,-257.1999816895,-109.0000381470
237.0000000000,1572533396.053,3405.000000000,-13.92947600000,-0.8442310000000,-34.56380400000,1095.619000000,279.2099304199,-257.1999816895,-109.0000381470
238.0000000000,1572533396.128,3405.000000000,-13.85603700000,-0.8424690000000,-34.54448000000,1095.694000000,279.2099304199,-257.1999816895,-109.0000381470
239.0000000000,1572533396.206,3405.000000000,-13.91625900000,-0.7895830000000,-34.54427200000,1095.772000000,279.2099304199,-257.1999816895,-109.0000381470
240.0000000000,1572533396.282,3405.000000000,-13.92512300000,-0.8213670000000,-34.56688400000,1095.848000000,279.2099304199,-257.1999816895,-109.0000381470
241.0000000000,1572533396.360,3405.000000000,-13.91237100000,-0.8219240000000,-34.54512000000,1095.926000000,279.2099304199,-257.1999816895,-109.0000381470
242.0000000000,1572533396.438,3405.000000000,-13.91565200000,-0.8097880000000,-34.56352000000,1096.004000000,279.2099304199,-257.1999816895,-109.0000381470
243.0000000000,1572533396.514,3405.000000000,-13.86187100000,-0.8445030000000,-34.53376800000,1096.080000000,279.2099304199,-257.1999816895,-109.0000381470
244.0000000000,1572533396.603,3405.000000000,-13.86889200000,-0.8328610000000,-34.55743200000,1096.169000000,279.2099304199,-257.1999816895,-109.0000381470
245.0000000000,1572533396.682,3405.000000000,-13.89998500000,-0.8442580000000,-34.57630400000,1096.248000000,279.2099304199,-257.1999816895,-109.0000381470
246.0000000000,1572533396.766,3406.000000000,-13.89564800000,-0.8140350000000,-34.56884000000,1096.332000000,279.2099304199,-257.1999816895,-109.0000381470
247.0000000000,1572533396.847,3407.000000000,-14.51327400000,-1.432791000000,-42.24034400000,1096.413000000,279.2099304199,-257.1999816895,-109.0000381470
248.0000000000,1572533396.922,3407.000000000,-14.11839800000,-1.620934000000,-42.10661200000,1096.488000000,279.2099304199,-257.1999816895,-109.0000381470
249.0000000000,1572533397.011,3407.000000000,-14.05466800000,-1.460811000000,-40.77125200000,1096.577000000,279.2099304199,-257.1999816895,-109.0000381470
250.0000000000,1572533397.102,3407.000000000,-14.13912000000,-1.575914000000,-41.93886000000,1096.668000000,279.2099304199,-257.1999816895,-109.0000381470
251.0000000000,1572533397.181,3407.000000000,-14.05358700000,-1.427214000000,-40.87267200000,1096.747000000,279.2099304199,-257.1999816895,-109.0000381470
252.0000000000,1572533397.257,3407.000000000,-14.07136600000,-1.358788000000,-40.59212400000,1096.823000000,279.2099304199,-257.1999816895,-109.0000381470
253.0000000000,1572533397.338,3407.000000000,-14.06282600000,-1.450980000000,-41.18153200000,1096.904000000,279.2099304199,-257.1999816895,-109.0000381470
254.0000000000,1572533397.423,3407.000000000,-14.09212900000,-1.441273000000,-41.15898400000,1096.989000000,279.2099304199,-257.1999816895,-109.0000381470
255.0000000000,1572533397.502,3407.000000000,-14.07039200000,-1.379349000000,-40.84628800000,1097.068000000,279.2099304199,-257.1999816895,-109.0000381470
256.0000000000,1572533397.582,3407.000000000,-14.10165700000,-1.412685000000,-41.00636000000,1097.148000000,279.2099304199,-257.1999816895,-109.0000381470
257.0000000000,1572533397.659,3407.000000000,-14.15318000000,-1.421222000000,-41.44054000000,1097.225000000,279.2099304199,-257.1999816895,-109.0000381470
258.0000000000,1572533397.738,3407.000000000,-14.09178600000,-1.378307000000,-40.72447600000,1097.304000000,279.2099304199,-257.1999816895,-109.0000381470
259.0000000000,1572533397.819,3407.000000000,-14.09765900000,-1.371674000000,-40.84184800000,1097.385000000,279.2099304199,-257.1999816895,-109.0000381470
260.0000000000,1572533397.897,3408.000000000,-14.10998500000,-1.346429000000,-40.66884800000,1097.463000000,279.2099914551,-257.2000427246,-108.9787368774
261.0000000000,1572533397.979,3408.000000000,-13.88159400000,-0.7394430000000,-34.42688800000,1097.545000000,279.2099304199,-257.2000122070,-107.8025512695
262.0000000000,1572533398.053,3408.000000000,-13.90297900000,-0.7309060000000,-34.37968800000,1097.619000000,279.2099609375,-257.2000122070,-106.2059097290
263.0000000000,1572533398.131,3408.000000000,-13.86827900000,-0.7745000000000,-34.34126800000,1097.697000000,279.2099609375,-257.2000427246,-104.7689285278
264.0000000000,1572533398.215,3408.000000000,-13.89057300000,-0.7650380000000,-34.39965200000,1097.781000000,279.2099914551,-257.2000122070,-103.1722717285
265.0000000000,1572533398.300,3408.000000000,-13.89592300000,-0.7787920000000,-34.36714800000,1097.866000000,279.2099609375,-257.2000122070,-101.4159698486
266.0000000000,1572533398.375,3408.000000000,-13.86524500000,-0.7839280000000,-34.35628800000,1097.941000000,279.2099304199,-257.2000122070,-99.81935119629
267.0000000000,1572533398.455,3408.000000000,-13.92162600000,-0.7622320000000,-34.37536400000,1098.021000000,279.2099609375,-257.2000427246,-98.38239288330
268.0000000000,1572533398.530,3408.000000000,-13.90383600000,-0.7745950000000,-34.39133600000,1098.096000000,279.2099609375,-257.2000732422,-96.78569030762
269.0000000000,1572533398.610,3408.000000000,-13.92044800000,-0.7927320000000,-34.36997200000,1098.176000000,279.2099609375,-257.2001037598,-95.18908691406
270.0000000000,1572533398.685,3408.000000000,-13.87564300000,-0.7985070000000,-34.36339600000,1098.251000000,279.2100219727,-257.2000427246,-93.59243011475
271.0000000000,1572533398.767,3408.000000000,-13.89354300000,-0.7959110000000,-34.40578800000,1098.333000000,279.2100524902,-257.2000732422,-92.15546417236
272.0000000000,1572533398.955,3408.000000000,-13.87942300000,-0.7614470000000,-34.37784800000,1098.521000000,279.2100219727,-257.2000732422,-90.56411743164
273.0000000000,1572533399.035,3409.000000000,-13.90730300000,-0.8094160000000,-34.36549200000,1098.601000000,279.2099914551,-257.2000732422,-90.00000762939
274.0000000000,1572533399.111,3410.000000000,-13.89267800000,-0.7930550000000,-34.37028000000,1098.677000000,279.2099914551,-257.2000732422,-90.00000762939
275.0000000000,1572533399.194,3411.000000000,-13.88711000000,-0.7867270000000,-34.39643200000,1098.760000000,279.2099914551,-257.2000732422,-90.00000762939
276.0000000000,1572533399.285,3412.000000000,-13.88467100000,-0.7930430000000,-34.38746000000,1098.851000000,279.2099304199,-257.2000427246,-90.00716400146
277.0000000000,1572533399.364,3412.000000000,-13.92644900000,-0.8128690000000,-34.39230400000,1098.930000000,279.2099914551,-257.2000732422,-90.44750213623
278.0000000000,1572533399.447,3412.000000000,-13.89182000000,-0.8052220000000,-34.35588800000,1099.013000000,279.2099914551,-257.2000732422,-91.08680725098
279.0000000000,1572533399.536,3412.000000000,-13.88373500000,-0.7621170000000,-34.38502400000,1099.102000000,279.2099914551,-257.2001037598,-91.78993225098
280.0000000000,1572533399.619,3412.000000000,-13.88276600000,-0.8149970000000,-34.41300400000,1099.185000000,279.2099914551,-257.2001037598,-92.42926788330
281.0000000000,1572533399.707,3412.000000000,-13.89801900000,-0.8105950000000,-34.40946400000,1099.273000000,279.2099609375,-257.2001037598,-93.13243865967
282.0000000000,1572533399.785,3412.000000000,-13.87722100000,-0.7968590000000,-34.39727600000,1099.351000000,279.2098999023,-257.2000427246,-93.83563232422
283.0000000000,1572533399.873,3412.000000000,-13.87962400000,-0.8191890000000,-34.35679200000,1099.439000000,279.2099609375,-257.2001037598,-94.47487640381
284.0000000000,1572533399.955,3412.000000000,-13.87154900000,-0.7863390000000,-34.39129200000,1099.521000000,279.2099304199,-257.2001037598,-95.11414337158
285.0000000000,1572533400.045,3412.000000000,-13.89157300000,-0.8133390000000,-34.36739200000,1099.611000000,279.2099609375,-257.2001342773,-95.81736755371
286.0000000000,1572533400.125,3412.000000000,-13.87526000000,-0.7973970000000,-34.37549200000,1099.691000000,279.2098999023,-257.2001037598,-96.52057647705
287.0000000000,1572533400.206,3412.000000000,-13.89210600000,-0.7967030000000,-34.41488000000,1099.772000000,279.2100219727,-257.2000427246,-97.15984344482
288.0000000000,1572533400.292,3412.000000000,-13.87475800000,-0.7684190000000,-34.41229600000,1099.858000000,279.2100219727,-257.2000732422,-97.86301422119
289.0000000000,1572533400.374,3412.000000000,-13.89745300000,-0.8291710000000,-34.42439600000,1099.940000000,279.2099609375,-257.2000122070,-98.50232696533
290.0000000000,1572533400.457,3412.000000000,-13.89168700000,-0.8242460000000,-34.44884800000,1100.023000000,279.2099914551,-257.2000732422,-99.14154815674
291.0000000000,1572533400.546,3412.000000000,-13.87324000000,-0.7820020000000,-34.40476000000,1100.112000000,279.2099609375,-257.2000732422,-99.84481048584
292.0000000000,1572533400.627,3412.000000000,-13.90228900000,-0.8024150000000,-34.34407600000,1100.193000000,279.2099914551,-257.2000122070,-100.5479431152
293.0000000000,1572533400.708,3412.000000000,-13.90430600000,-0.7465160000000,-34.39329600000,1100.274000000,279.2099914551,-257.2000427246,-101.1872711182
294.0000000000,1572533400.789,3412.000000000,-13.90183000000,-0.7824520000000,-34.36439600000,1100.355000000,279.2099914551,-257.2000427246,-101.8264923096
295.0000000000,1572533400.871,3412.000000000,-13.86700300000,-0.7780570000000,-34.34800800000,1100.437000000,279.2099609375,-257.2000427246,-102.4657897949
296.0000000000,1572533400.953,3412.000000000,-13.86996000000,-0.8147350000000,-34.44629200000,1100.519000000,279.2099609375,-257.2000427246,-103.1050415039
297.0000000000,1572533401.034,3412.000000000,-13.91589700000,-0.8379260000000,-34.34700800000,1100.600000000,279.2099914551,-257.2000427246,-103.8082199097
298.0000000000,1572533401.116,3412.000000000,-13.87095500000,-0.8119560000000,-34.37141600000,1100.682000000,279.2099914551,-257.2000427246,-104.3835678101
299.0000000000,1572533401.205,3412.000000000,-13.91006800000,-0.8055980000000,-34.33531200000,1100.771000000,279.2099609375,-257.2000427246,-105.0867614746
300.0000000000,1572533401.294,3412.000000000,-13.87195800000,-0.7724990000000,-34.39311600000,1100.860000000,279.2099914551,-257.2000732422,-105.8538818359
301.0000000000,1572533401.376,3412.000000000,-13.90266800000,-0.8032010000000,-34.35816800000,1100.942000000,279.2099304199,-257.2000122070,-106.4931640625
302.0000000000,1572533401.456,3412.000000000,-13.87367200000,-0.8097240000000,-34.42629600000,1101.022000000,279.2099914551,-257.2000122070,-107.1324310303
303.0000000000,1572533401.537,3412.000000000,-13.87903300000,-0.7833720000000,-34.34881200000,1101.103000000,279.2099914551,-257.2000122070,-107.7716979980
304.0000000000,1572533401.617,3412.000000000,-13.92359600000,-0.7799280000000,-34.35583200000,1101.183000000,279.2099914551,-257.2000427246,-108.4109649658
305.0000000000,1572533401.707,3412.000000000,-14.63616600000,-2.619746000000,-49.00459200000,1101.273000000,279.2099914551,-257.2000427246,-109.0502700806
306.0000000000,1572533401.789,3413.000000000,-14.28991000000,-2.115129000000,-44.82448800000,1101.355000000,279.2099609375,-257.2000427246,-109.6184844971
307.0000000000,1572533401.869,3413.000000000,-14.19868100000,-1.947524000000,-43.68967200000,1101.435000000,279.2099914551,-257.2000427246,-109.6255874634
308.0000000000,1572533401.956,3413.000000000,-14.26806600000,-1.894200000000,-44.11542400000,1101.522000000,279.2099914551,-257.2000427246,-109.6255874634
309.0000000000,1572533402.034,3413.000000000,-14.20389900000,-1.769951000000,-43.36018800000,1101.600000000,279.2099914551,-257.2000427246,-109.6255874634
310.0000000000,1572533402.109,3413.000000000,-14.23601900000,-1.822778000000,-43.52312400000,1101.675000000,279.2099914551,-257.2000427246,-109.6255874634
311.0000000000,1572533402.189,3413.000000000,-14.24510300000,-1.816961000000,-43.77485600000,1101.755000000,279.2099914551,-257.2000427246,-109.6255874634
312.0000000000,1572533402.264,3413.000000000,-14.28023100000,-1.824168000000,-43.92282800000,1101.830000000,279.2099914551,-257.2000427246,-109.6255874634
313.0000000000,1572533402.344,3413.000000000,-14.23997900000,-1.756327000000,-43.40383200000,1101.910000000,279.2099914551,-257.2000427246,-109.6255874634
314.0000000000,1572533402.419,3413.000000000,-14.22029300000,-1.744350000000,-43.63241600000,1101.985000000,279.2099914551,-257.2000427246,-109.6255874634
315.0000000000,1572533402.496,3413.000000000,-14.30196300000,-1.768522000000,-43.80625600000,1102.062000000,279.2099914551,-257.2000427246,-109.6255874634
316.0000000000,1572533402.572,3413.000000000,-14.27207800000,-1.791157000000,-43.74026400000,1102.138000000,279.2099914551,-257.2000427246,-109.6255874634
317.0000000000,1572533402.662,3413.000000000,-14.24534200000,-1.682837000000,-43.27234400000,1102.228000000,279.2099914551,-257.2000427246,-109.6255874634
318.0000000000,1572533402.737,3413.000000000,-14.28880500000,-1.670945000000,-43.40101200000,1102.303000000,279.2099914551,-257.2000427246,-109.6255874634
319.0000000000,1572533402.815,3413.000000000,-14.30635800000,-1.704688000000,-43.41934400000,1102.381000000,279.2099914551,-257.2000427246,-109.6255874634
320.0000000000,1572533402.891,3413.000000000,-14.26236500000,-1.704572000000,-43.25907200000,1102.457000000,279.2099914551,-257.2000427246,-109.6255874634
321.0000000000,1572533402.973,3413.000000000,-14.27849300000,-1.688812000000,-43.32465600000,1102.539000000,279.2099914551,-257.2000427246,-109.6255874634
322.0000000000,1572533403.059,3413.000000000,-14.21491100000,-1.643060000000,-43.31452400000,1102.625000000,279.2099914551,-257.2000427246,-109.6255874634
323.0000000000,1572533403.138,3413.000000000,-14.24769600000,-1.638354000000,-43.25249200000,1102.704000000,279.2099914551,-257.2000427246,-109.6255874634
324.0000000000,1572533403.215,3413.000000000,-14.22473500000,-1.648425000000,-43.24477200000,1102.781000000,279.2099914551,-257.2000427246,-109.6255874634
325.0000000000,1572533403.293,3413.000000000,-14.24730700000,-1.651535000000,-43.26156800000,1102.859000000,279.2099914551,-257.2000427246,-109.6255874634
326.0000000000,1572533403.368,3413.000000000,-14.22530100000,-1.645329000000,-43.35153600000,1102.934000000,279.2099914551,-257.2000427246,-109.6255874634
327.0000000000,1572533403.453,3413.000000000,-14.24704300000,-1.651677000000,-43.18573200000,1103.019000000,279.2099914551,-257.2000427246,-109.6255874634
328.0000000000,1572533403.528,3413.000000000,-14.25549100000,-1.652614000000,-43.15930400000,1103.094000000,279.2099914551,-257.2000427246,-109.6255874634
329.0000000000,1572533403.613,3413.000000000,-14.25947900000,-1.650120000000,-43.34839200000,1103.179000000,279.2099914551,-257.2000427246,-109.6255874634
330.0000000000,1572533403.687,3413.000000000,-14.21668200000,-1.638855000000,-43.20076800000,1103.253000000,279.2099914551,-257.2000427246,-109.6255874634
331.0000000000,1572533403.777,3413.000000000,-14.23504000000,-1.602314000000,-43.09218000000,1103.343000000,279.2099914551,-257.2000427246,-109.6255874634
332.0000000000,1572533403.854,3413.000000000,-14.24913800000,-1.622508000000,-43.20274400000,1103.420000000,279.2099914551,-257.2000427246,-109.6255874634
333.0000000000,1572533403.932,3413.000000000,-14.23695500000,-1.613795000000,-43.00857200000,1103.498000000,279.2099914551,-257.2000427246,-109.6255874634
334.0000000000,1572533404.010,3413.000000000,-14.21344800000,-1.595926000000,-43.06915200000,1103.576000000,279.2099914551,-257.2000427246,-109.6255874634
335.0000000000,1572533404.103,3413.000000000,-14.23197600000,-1.612561000000,-43.19832800000,1103.669000000,279.2099914551,-257.2000427246,-109.6255874634
336.0000000000,1572533404.187,3413.000000000,-14.21468900000,-1.625981000000,-43.03401600000,1103.753000000,279.2099914551,-257.2000427246,-109.6255874634
337.0000000000,1572533404.284,3413.000000000,-14.18855200000,-1.572412000000,-43.03920800000,1103.850000000,279.2099914551,-257.2000427246,-109.6255874634
338.0000000000,1572533404.358,3413.000000000,-14.19883600000,-1.587141000000,-42.91821600000,1103.924000000,279.2099914551,-257.2000427246,-109.6255874634
339.0000000000,1572533404.437,3413.000000000,-14.21321300000,-1.577379000000,-42.93455600000,1104.003000000,279.2099914551,-257.2000427246,-109.6255874634
340.0000000000,1572533404.513,3413.000000000,-14.21822200000,-1.582867000000,-42.93248400000,1104.079000000,279.2099914551,-257.2000427246,-109.6255874634
341.0000000000,1572533404.593,3413.000000000,-14.19708600000,-1.558158000000,-42.84457200000,1104.159000000,279.2099914551,-257.2000427246,-109.6255874634
342.0000000000,1572533404.681,3413.000000000,-14.27992400000,-1.570910000000,-43.20657200000,1104.247000000,279.2099914551,-257.2000427246,-109.6255874634
343.0000000000,1572533404.759,3413.000000000,-14.19077800000,-1.574185000000,-42.98375200000,1104.325000000,279.2099914551,-257.2000427246,-109.6255874634
344.0000000000,1572533404.834,3413.000000000,-14.22258400000,-1.585575000000,-43.18014000000,1104.400000000,279.2099914551,-257.2000427246,-109.6255874634
345.0000000000,1572533404.914,3413.000000000,-14.24685400000,-1.559353000000,-43.03708000000,1104.480000000,279.2099914551,-257.2000427246,-109.6255874634
346.0000000000,1572533404.990,3413.000000000,-14.20635500000,-1.621922000000,-43.03318000000,1104.556000000,279.2099914551,-257.2000427246,-109.6255874634
347.0000000000,1572533405.069,3413.000000000,-14.21612200000,-1.596665000000,-42.86806400000,1104.635000000,279.2099914551,-257.2000427246,-109.6255874634
348.0000000000,1572533405.144,3413.000000000,-14.25872400000,-1.546645000000,-43.04810400000,1104.710000000,279.2099914551,-257.2000427246,-109.6255874634
349.0000000000,1572533405.222,3413.000000000,-14.26731300000,-1.607620000000,-43.08552000000,1104.788000000,279.2099914551,-257.2000427246,-109.6255874634
350.0000000000,1572533405.298,3413.000000000,-14.27199800000,-1.598955000000,-43.04246000000,1104.864000000,279.2099914551,-257.2000427246,-109.6255874634
351.0000000000,1572533405.389,3413.000000000,-14.21596400000,-1.565415000000,-42.90489600000,1104.955000000,279.2099914551,-257.2000427246,-109.6255874634
352.0000000000,1572533405.465,3413.000000000,-14.20341500000,-1.586786000000,-42.86724400000,1105.031000000,279.2099914551,-257.2000427246,-109.6255874634
353.0000000000,1572533405.545,3413.000000000,-14.21319800000,-1.547763000000,-42.95588000000,1105.111000000,279.2099914551,-257.2000427246,-109.6255874634
354.0000000000,1572533405.622,3413.000000000,-14.23172500000,-1.614904000000,-42.85802000000,1105.188000000,279.2099914551,-257.2000427246,-109.6255874634
355.0000000000,1572533405.707,3413.000000000,-14.19553300000,-1.603124000000,-43.07949200000,1105.273000000,279.2099914551,-257.2000427246,-109.6255874634
356.0000000000,1572533405.791,3413.000000000,-14.20245500000,-1.536699000000,-42.72142400000,1105.357000000,279.2099914551,-257.2000427246,-109.6255874634
357.0000000000,1572533405.879,3413.000000000,-14.22587000000,-1.548703000000,-42.85402000000,1105.445000000,279.2099914551,-257.2000427246,-109.6255874634
358.0000000000,1572533405.955,3413.000000000,-14.24647800000,-1.578589000000,-43.13906400000,1105.521000000,279.2099914551,-257.2000427246,-109.6255874634
359.0000000000,1572533406.036,3413.000000000,-14.24453700000,-1.528369000000,-42.98493600000,1105.602000000,279.2099914551,-257.2000427246,-109.6255874634
360.0000000000,1572533406.124,3413.000000000,-14.22354900000,-1.554142000000,-42.82560800000,1105.690000000,279.2099914551,-257.2000427246,-109.6255874634
361.0000000000,1572533406.211,3413.000000000,-14.17020000000,-1.562193000000,-42.94479200000,1105.777000000,279.2099914551,-257.2000427246,-109.6255874634
362.0000000000,1572533406.298,3413.000000000,-14.17656500000,-1.521341000000,-42.72753200000,1105.864000000,279.2099914551,-257.2000427246,-109.6255874634
363.0000000000,1572533406.379,3413.000000000,-14.24036800000,-1.550213000000,-43.04819600000,1105.945000000,279.2099914551,-257.2000427246,-109.6255874634
364.0000000000,1572533406.455,3413.000000000,-14.24687100000,-1.574656000000,-42.97004800000,1106.021000000,279.2099914551,-257.2000427246,-109.6255874634
365.0000000000,1572533406.535,3413.000000000,-14.23033700000,-1.559607000000,-42.93282800000,1106.101000000,279.2099914551,-257.2000427246,-109.6255874634
366.0000000000,1572533406.610,3413.000000000,-14.25460200000,-1.612802000000,-42.92474000000,1106.176000000,279.2099914551,-257.2000427246,-109.6255874634
367.0000000000,1572533406.688,3413.000000000,-14.26407500000,-1.574552000000,-43.11392400000,1106.254000000,279.2099914551,-257.2000427246,-109.6255874634
368.0000000000,1572533406.764,3413.000000000,-14.24716700000,-1.554983000000,-42.88882800000,1106.330000000,279.2099914551,-257.2000427246,-109.6255874634
369.0000000000,1572533406.840,3414.000000000,-13.83087000000,-0.5929630000000,-34.03600000000,1106.406000000,279.2099914551,-257.2000427246,-109.6255874634
370.0000000000,1572533406.922,3415.000000000,-13.91015200000,-0.7885810000000,-34.85538800000,1106.488000000,279.2099304199,-257.2000122070,-109.6127014160
371.0000000000,1572533407.009,3415.000000000,-13.96744600000,-0.8039530000000,-34.80849600000,1106.575000000,279.2099914551,-257.2000427246,-109.1321258545
372.0000000000,1572533407.247,3415.000000000,-13.90159900000,-0.8023470000000,-34.80628800000,1106.813000000,279.2099914551,-257.2000122070,-108.5515365601
373.0000000000,1572533407.324,3416.000000000,-13.88355000000,-0.8127520000000,-34.77140000000,1106.890000000,279.2099609375,-257.1999816895,-108.0000076294
374.0000000000,1572533407.411,3417.000000000,-13.88150100000,-0.7891960000000,-34.76204000000,1106.977000000,279.2099914551,-257.2000122070,-107.9557723999
375.0000000000,1572533407.488,3417.000000000,-13.96044600000,-0.8701080000000,-34.78662400000,1107.054000000,279.2099914551,-257.2000122070,-106.7256546021
376.0000000000,1572533407.567,3417.000000000,-13.92258500000,-0.8570310000000,-34.77078400000,1107.133000000,279.2099609375,-257.1999816895,-105.2920532227
377.0000000000,1572533407.644,3417.000000000,-13.92076700000,-0.8292510000000,-34.78180000000,1107.210000000,279.2099304199,-257.1999816895,-103.6991424561
378.0000000000,1572533407.724,3417.000000000,-13.92285300000,-0.8410080000000,-34.80016800000,1107.290000000,279.2099609375,-257.1999816895,-102.1062011719
379.0000000000,1572533407.826,3417.000000000,-13.92932700000,-0.8393460000000,-34.78908000000,1107.392000000,279.2099304199,-257.1999816895,-100.1947021484
380.0000000000,1572533407.923,3417.000000000,-13.88561500000,-0.8491290000000,-34.80242400000,1107.489000000,279.2099304199,-257.2000122070,-98.12392425537
381.0000000000,1572533408.016,3417.000000000,-13.90327600000,-0.8589800000000,-34.75212000000,1107.582000000,279.2099304199,-257.2000122070,-96.37170410156
382.0000000000,1572533408.094,3417.000000000,-13.94138600000,-0.8716300000000,-34.73788800000,1107.660000000,279.2099914551,-257.2000122070,-94.77878570557
383.0000000000,1572533408.173,3417.000000000,-13.94049200000,-0.8401440000000,-34.77091200000,1107.739000000,279.2099609375,-257.2000427246,-93.18587493896
384.0000000000,1572533408.249,3417.000000000,-13.90316500000,-0.8659870000000,-34.79594400000,1107.815000000,279.2099609375,-257.2000122070,-91.59291839600
385.0000000000,1572533408.412,3417.000000000,-13.88937500000,-0.8832270000000,-34.75270800000,1107.978000000,279.2099914551,-257.2000122070,-90.24778747559
386.0000000000,1572533408.493,3418.000000000,-13.90706900000,-0.8066840000000,-34.76661600000,1108.059000000,279.2100219727,-257.2000427246,-90.00000762939
387.0000000000,1572533413.276,3419.000000000,-13.88577700000,-0.8026800000000,-34.62397600000,1112.842000000,279.2100219727,-257.2000427246,-90.00000762939
388.0000000000,1572533413.372,3420.000000000,-13.89244900000,-0.8325220000000,-34.63378000000,1112.938000000,279.2100219727,-257.2000427246,-90.00000762939
389.0000000000,1572533413.451,3421.000000000,-13.92289000000,-0.8712820000000,-34.60214400000,1113.017000000,279.2100219727,-257.2000427246,-90.00000762939
390.0000000000,1572533413.594,3422.000000000,-13.91186100000,-0.8352510000000,-34.61330800000,1113.160000000,279.2100219727,-257.2000427246,-90.00000762939
391.0000000000,1572533413.671,3423.000000000,-13.94142700000,-0.8270900000000,-34.62758400000,1113.237000000,279.2100219727,-257.2000427246,-90.00000762939
392.0000000000,1572533413.752,3423.000000000,-13.93355500000,-0.8287680000000,-34.59233600000,1113.318000000,279.2100219727,-257.2000427246,-90.00000762939
393.0000000000,1572533413.828,3423.000000000,-13.94338700000,-0.8648160000000,-34.64553600000,1113.394000000,279.2100219727,-257.2000427246,-90.00000762939
394.0000000000,1572533413.907,3423.000000000,-13.90316700000,-0.8604710000000,-34.60575600000,1113.473000000,279.2100219727,-257.2000427246,-90.00000762939
395.0000000000,1572533413.982,3423.000000000,-13.89386900000,-0.8240350000000,-34.65017200000,1113.548000000,279.2100219727,-257.2000427246,-90.00000762939
396.0000000000,1572533414.062,3423.000000000,-13.94071400000,-0.8233420000000,-34.64549200000,1113.628000000,279.2100219727,-257.2000427246,-90.00000762939
397.0000000000,1572533414.137,3423.000000000,-13.91755700000,-0.7999120000000,-34.63977600000,1113.703000000,279.2100219727,-257.2000427246,-90.00000762939
398.0000000000,1572533414.216,3423.000000000,-13.89018200000,-0.8386810000000,-34.63886800000,1113.782000000,279.2100219727,-257.2000427246,-90.00000762939
399.0000000000,1572533414.291,3423.000000000,-13.96055800000,-0.8039670000000,-34.60341600000,1113.857000000,279.2100219727,-257.2000427246,-90.00000762939
400.0000000000,1572533414.401,3423.000000000,-13.92185200000,-0.8481980000000,-34.64259600000,1113.967000000,279.2100219727,-257.2000427246,-90.00000762939
401.0000000000,1572533414.495,3423.000000000,-13.94094000000,-0.8098420000000,-34.62824000000,1114.061000000,279.2100219727,-257.2000427246,-90.00000762939
402.0000000000,1572533414.583,3423.000000000,-13.92086400000,-0.8329950000000,-34.65249200000,1114.149000000,279.2100219727,-257.2000427246,-90.00000762939
403.0000000000,1572533414.659,3423.000000000,-13.91470200000,-0.8049230000000,-34.60739200000,1114.225000000,279.2100219727,-257.2000427246,-90.00000762939
404.0000000000,1572533414.740,3424.000000000,-13.88113600000,-0.8191060000000,-34.59739200000,1114.306000000,279.2100219727,-257.2000427246,-90.02126312256
405.0000000000,1572533414.814,3424.000000000,-13.94590200000,-0.8431460000000,-34.68619200000,1114.380000000,279.2099914551,-257.2000122070,-91.19750976563
406.0000000000,1572533414.900,3424.000000000,-13.88669000000,-0.8266410000000,-34.57048000000,1114.466000000,279.2100524902,-257.2000427246,-92.79413604736
407.0000000000,1572533414.982,3424.000000000,-13.93061400000,-0.8077160000000,-34.59176800000,1114.548000000,279.2099914551,-257.2000122070,-94.55044555664
408.0000000000,1572533415.062,3424.000000000,-13.92482700000,-0.8333770000000,-34.59128800000,1114.628000000,279.2100524902,-257.2000732422,-95.98739624023
409.0000000000,1572533415.146,3424.000000000,-13.87581200000,-0.8279230000000,-34.65210400000,1114.712000000,279.2099914551,-257.2000122070,-97.58407592773
410.0000000000,1572533415.248,3424.000000000,-13.90283200000,-0.8845050000000,-34.62003200000,1114.814000000,279.2100524902,-257.2000732422,-99.34033203125
411.0000000000,1572533415.328,3424.000000000,-13.96456800000,-0.8347210000000,-34.61415200000,1114.894000000,279.2099609375,-257.1999816895,-101.2563247681
412.0000000000,1572533415.407,3424.000000000,-13.94408000000,-0.8128170000000,-34.62938400000,1114.973000000,279.2099914551,-257.2000122070,-102.8529281616
413.0000000000,1572533415.488,3424.000000000,-13.91559000000,-0.8358400000000,-34.58160400000,1115.054000000,279.2099609375,-257.1999816895,-104.6093063354
414.0000000000,1572533415.567,3424.000000000,-13.91546400000,-0.8463090000000,-34.63017600000,1115.133000000,279.2100219727,-257.2000427246,-106.0462341309
415.0000000000,1572533415.643,3424.000000000,-13.89863500000,-0.8484780000000,-34.62403200000,1115.209000000,279.2099914551,-257.2000122070,-107.6428527832
416.0000000000,1572533415.803,3424.000000000,-13.92854900000,-0.8532740000000,-34.59196000000,1115.369000000,279.2099914551,-257.2000122070,-108.9467773438
417.0000000000,1572533415.896,3425.000000000,-13.89779500000,-0.7969760000000,-34.62118400000,1115.462000000,279.2099304199,-257.1999816895,-109.0000381470
418.0000000000,1572533415.972,3425.000000000,-13.93537700000,-0.8482220000000,-34.60288000000,1115.538000000,279.2099304199,-257.1999816895,-109.0000381470
419.0000000000,1572533416.053,3425.000000000,-13.93476500000,-0.8291110000000,-34.60311200000,1115.619000000,279.2099304199,-257.1999816895,-109.0000381470
420.0000000000,1572533416.128,3425.000000000,-13.89897000000,-0.7878950000000,-34.62754400000,1115.694000000,279.2099304199,-257.1999816895,-109.0000381470
421.0000000000,1572533416.205,3425.000000000,-13.89085600000,-0.7829880000000,-34.62961200000,1115.771000000,279.2099304199,-257.1999816895,-109.0000381470
422.0000000000,1572533416.281,3425.000000000,-13.90265500000,-0.8189230000000,-34.60840800000,1115.847000000,279.2099304199,-257.1999816895,-109.0000381470
423.0000000000,1572533416.361,3425.000000000,-13.93837500000,-0.8221170000000,-34.61283200000,1115.927000000,279.2099304199,-257.1999816895,-109.0000381470
424.0000000000,1572533416.438,3425.000000000,-13.92889600000,-0.8195760000000,-34.63452000000,1116.004000000,279.2099304199,-257.1999816895,-109.0000381470
425.0000000000,1572533416.515,3425.000000000,-13.89225200000,-0.8402290000000,-34.61505200000,1116.081000000,279.2099304199,-257.1999816895,-109.0000381470
426.0000000000,1572533416.596,3425.000000000,-13.92056800000,-0.8247940000000,-34.61938000000,1116.162000000,279.2099304199,-257.1999816895,-109.0000381470
427.0000000000,1572533416.675,3425.000000000,-13.92545600000,-0.8299180000000,-34.60186800000,1116.241000000,279.2099304199,-257.1999816895,-109.0000381470
428.0000000000,1572533416.753,3425.000000000,-13.90486300000,-0.8194220000000,-34.57369200000,1116.319000000,279.2099304199,-257.1999816895,-109.0000381470
429.0000000000,1572533416.831,3425.000000000,-13.96044300000,-0.8191480000000,-34.62232400000,1116.397000000,279.2099304199,-257.1999816895,-109.0000381470
430.0000000000,1572533416.908,3425.000000000,-13.91322300000,-0.7938410000000,-34.60244000000,1116.474000000,279.2099304199,-257.1999816895,-109.0000381470
431.0000000000,1572533416.984,3426.000000000,-13.94020100000,-0.8413030000000,-34.61074000000,1116.550000000,279.2099304199,-257.1999816895,-109.0000381470
432.0000000000,1572533417.066,3427.000000000,-14.24522800000,-1.542823000000,-42.42660400000,1116.632000000,279.2099304199,-257.1999816895,-109.0000381470
433.0000000000,1572533417.142,3427.000000000,-14.23671500000,-1.737211000000,-43.10750400000,1116.708000000,279.2099304199,-257.1999816895,-109.0000381470
434.0000000000,1572533417.227,3427.000000000,-14.11602300000,-1.524723000000,-41.44402000000,1116.793000000,279.2099304199,-257.1999816895,-109.0000381470
435.0000000000,1572533417.312,3427.000000000,-14.21616300000,-1.586690000000,-42.65569600000,1116.878000000,279.2099304199,-257.1999816895,-109.0000381470
436.0000000000,1572533417.394,3427.000000000,-14.21396000000,-1.548466000000,-42.13370000000,1116.960000000,279.2099304199,-257.1999816895,-109.0000381470
437.0000000000,1572533417.470,3427.000000000,-14.17598200000,-1.408882000000,-41.47436800000,1117.036000000,279.2099304199,-257.1999816895,-109.0000381470
438.0000000000,1572533417.550,3427.000000000,-14.23137100000,-1.535388000000,-42.27415600000,1117.116000000,279.2099304199,-257.1999816895,-109.0000381470
439.0000000000,1572533417.627,3427.000000000,-14.17914500000,-1.503462000000,-42.02242800000,1117.193000000,279.2099304199,-257.1999816895,-109.0000381470
440.0000000000,1572533417.712,3427.000000000,-14.18114400000,-1.438912000000,-41.61896000000,1117.278000000,279.2099304199,-257.1999816895,-109.0000381470
441.0000000000,1572533417.791,3427.000000000,-14.21910600000,-1.500023000000,-42.16730400000,1117.357000000,279.2099304199,-257.1999816895,-109.0000381470
442.0000000000,1572533417.869,3427.000000000,-14.20957300000,-1.479347000000,-42.31317600000,1117.435000000,279.2099304199,-257.1999816895,-109.0000381470
443.0000000000,1572533417.945,3427.000000000,-14.13737900000,-1.430413000000,-41.66180800000,1117.511000000,279.2099304199,-257.1999816895,-109.0000381470
444.0000000000,1572533418.024,3427.000000000,-14.19116400000,-1.430055000000,-41.82480800000,1117.590000000,279.2099304199,-257.1999816895,-109.0000381470
445.0000000000,1572533418.112,3428.000000000,-14.06451600000,-1.350575000000,-40.58604800000,1117.678000000,279.2099609375,-257.2000122070,-108.9467773438
446.0000000000,1572533418.192,3428.000000000,-13.90792400000,-0.7667970000000,-34.47879600000,1117.758000000,279.2099609375,-257.1999816895,-107.8025512695
447.0000000000,1572533418.277,3428.000000000,-13.96047300000,-0.7536780000000,-34.43440000000,1117.843000000,279.2099609375,-257.1999816895,-105.8865890503
448.0000000000,1572533418.358,3428.000000000,-13.91561200000,-0.7702040000000,-34.41583200000,1117.924000000,279.2099914551,-257.2000122070,-104.4496002197
449.0000000000,1572533418.433,3428.000000000,-13.91231500000,-0.8052550000000,-34.41417600000,1117.999000000,279.2099914551,-257.2000122070,-102.8529281616
450.0000000000,1572533418.519,3428.000000000,-13.91342600000,-0.7393140000000,-34.42122400000,1118.085000000,279.2099914551,-257.2000122070,-101.2562789917
451.0000000000,1572533418.598,3428.000000000,-13.87543000000,-0.7477960000000,-34.41359200000,1118.164000000,279.2099914551,-257.2000122070,-99.65968322754
452.0000000000,1572533418.675,3428.000000000,-13.92184600000,-0.8271490000000,-34.42467600000,1118.241000000,279.2099914551,-257.2000732422,-98.06304931641
453.0000000000,1572533418.752,3428.000000000,-13.92204600000,-0.7857010000000,-34.38912800000,1118.318000000,279.2099609375,-257.2000732422,-96.46638488770
454.0000000000,1572533418.834,3428.000000000,-13.90229500000,-0.7951620000000,-34.43113600000,1118.400000000,279.2099914551,-257.2001037598,-95.02938842773
455.0000000000,1572533418.921,3428.000000000,-13.90905700000,-0.7968970000000,-34.44190800000,1118.487000000,279.2100524902,-257.2000732422,-93.11343383789
456.0000000000,1572533419.000,3428.000000000,-13.93340300000,-0.7956130000000,-34.43855200000,1118.566000000,279.2100219727,-257.2000732422,-91.67645263672
457.0000000000,1572533419.181,3428.000000000,-13.92194800000,-0.7836280000000,-34.43277600000,1118.747000000,279.2100219727,-257.2000427246,-90.18624877930
458.0000000000,1572533419.265,3429.000000000,-13.91007800000,-0.8012310000000,-34.43320400000,1118.831000000,279.2100219727,-257.2000732422,-90.00000762939
459.0000000000,1572533419.357,3430.000000000,-13.95241400000,-0.8141170000000,-34.36992800000,1118.923000000,279.2100219727,-257.2000732422,-90.00000762939
460.0000000000,1572533419.436,3431.000000000,-13.91876100000,-0.8037940000000,-34.41632800000,1119.002000000,279.2100219727,-257.2000732422,-90.00000762939
461.0000000000,1572533419.527,3432.000000000,-13.92183700000,-0.7971580000000,-34.39672000000,1119.093000000,279.2099914551,-257.2001037598,-90.04264831543
462.0000000000,1572533419.606,3432.000000000,-13.87569200000,-0.7887610000000,-34.39967600000,1119.172000000,279.2099914551,-257.2000732422,-90.54341888428
463.0000000000,1572533419.686,3432.000000000,-13.91695300000,-0.8078150000000,-34.37672400000,1119.252000000,279.2099914551,-257.2001037598,-91.18265533447
464.0000000000,1572533419.768,3432.000000000,-13.94110600000,-0.7925400000000,-34.40685600000,1119.334000000,279.2100219727,-257.2001342773,-91.82190704346
465.0000000000,1572533419.849,3432.000000000,-13.89484600000,-0.8181200000000,-34.44286000000,1119.415000000,279.2099914551,-257.2000732422,-92.46121978760
466.0000000000,1572533419.937,3432.000000000,-13.93199800000,-0.8041600000000,-34.45961200000,1119.503000000,279.2099914551,-257.2001037598,-93.16442871094
467.0000000000,1572533420.025,3432.000000000,-13.91809900000,-0.8192340000000,-34.35748000000,1119.591000000,279.2099609375,-257.2000427246,-93.86758422852
468.0000000000,1572533420.105,3432.000000000,-13.90155700000,-0.7998560000000,-34.46006400000,1119.671000000,279.2100219727,-257.2001037598,-94.50685119629
469.0000000000,1572533420.187,3432.000000000,-13.87968300000,-0.8043150000000,-34.38325200000,1119.753000000,279.2100219727,-257.2001037598,-95.14610290527
470.0000000000,1572533420.288,3432.000000000,-13.93749400000,-0.8084730000000,-34.40182000000,1119.854000000,279.2099914551,-257.2000732422,-95.97718811035
471.0000000000,1572533420.387,3432.000000000,-13.94223800000,-0.8529820000000,-34.40532800000,1119.953000000,279.2099914551,-257.2001037598,-96.74431610107
472.0000000000,1572533420.475,3432.000000000,-13.92617700000,-0.7950900000000,-34.44324800000,1120.041000000,279.2099914551,-257.2000122070,-97.44753265381
473.0000000000,1572533420.563,3432.000000000,-13.94770500000,-0.8088650000000,-34.43464400000,1120.129000000,279.2100219727,-257.2000427246,-98.15068054199
474.0000000000,1572533420.645,3432.000000000,-13.90033400000,-0.7759470000000,-34.40851600000,1120.211000000,279.2100219727,-257.2000427246,-98.85388946533
475.0000000000,1572533420.724,3432.000000000,-13.88416800000,-0.7934880000000,-34.39595600000,1120.290000000,279.2099914551,-257.2000427246,-99.49315643311
476.0000000000,1572533420.804,3432.000000000,-13.89050500000,-0.7798300000000,-34.36173200000,1120.370000000,279.2099914551,-257.2000122070,-100.1324615479
477.0000000000,1572533420.885,3432.000000000,-13.88280500000,-0.8325670000000,-34.40186800000,1120.451000000,279.2100219727,-257.2000427246,-100.7716674805
478.0000000000,1572533420.967,3432.000000000,-13.95327900000,-0.8236700000000,-34.44054000000,1120.533000000,279.2099609375,-257.2000122070,-101.4109802246
479.0000000000,1572533421.057,3432.000000000,-13.88520000000,-0.7699000000000,-34.41962800000,1120.623000000,279.2099914551,-257.2000427246,-102.0502319336
480.0000000000,1572533421.147,3432.000000000,-13.89633600000,-0.8024530000000,-34.36734800000,1120.713000000,279.2099609375,-257.2000122070,-102.8173675537
481.0000000000,1572533421.230,3432.000000000,-13.89262300000,-0.7828170000000,-34.38388000000,1120.796000000,279.2099914551,-257.2000427246,-103.5205612183
482.0000000000,1572533421.310,3432.000000000,-13.90602200000,-0.8216390000000,-34.37471600000,1120.876000000,279.2099914551,-257.2001037598,-104.1598205566
483.0000000000,1572533421.397,3432.000000000,-13.92936000000,-0.7934040000000,-34.37462400000,1120.963000000,279.2100219727,-257.2001037598,-104.7990875244
484.0000000000,1572533421.478,3432.000000000,-13.93100300000,-0.8042820000000,-34.38090400000,1121.044000000,279.2099914551,-257.2001037598,-105.5023117065
485.0000000000,1572533421.564,3432.000000000,-13.93695100000,-0.8438300000000,-34.35521600000,1121.130000000,279.2099914551,-257.2000732422,-106.1415710449
486.0000000000,1572533421.653,3432.000000000,-13.92270100000,-0.7895310000000,-34.42138800000,1121.219000000,279.2099914551,-257.2001037598,-106.9086914063
487.0000000000,1572533421.735,3432.000000000,-13.89935900000,-0.7779010000000,-34.35877600000,1121.301000000,279.2099609375,-257.2000732422,-107.5479812622
488.0000000000,1572533421.818,3432.000000000,-13.91864800000,-0.7859390000000,-34.35640000000,1121.384000000,279.2099609375,-257.2000732422,-108.1872406006
489.0000000000,1572533421.901,3432.000000000,-13.73701300000,-0.9862660000000,-35.19128800000,1121.467000000,279.2099609375,-257.2000427246,-108.8904418945
490.0000000000,1572533421.978,3432.000000000,-14.51500700000,-2.274078000000,-46.56101600000,1121.544000000,279.2099914551,-257.2001037598,-109.4870758057
491.0000000000,1572533422.063,3433.000000000,-14.27308700000,-1.942268000000,-44.01436400000,1121.629000000,279.2099609375,-257.2000732422,-109.5616531372
492.0000000000,1572533422.151,3433.000000000,-14.22811000000,-1.846586000000,-43.05297200000,1121.717000000,279.2099609375,-257.2000732422,-109.5616531372
493.0000000000,1572533422.229,3433.000000000,-14.29722200000,-1.820988000000,-43.81214400000,1121.795000000,279.2099609375,-257.2000732422,-109.5616531372
494.0000000000,1572533422.305,3433.000000000,-14.35206600000,-1.861668000000,-44.05374000000,1121.871000000,279.2099609375,-257.2000732422,-109.5616531372
495.0000000000,1572533422.387,3433.000000000,-14.22456100000,-1.720755000000,-43.08176800000,1121.953000000,279.2099609375,-257.2000732422,-109.5616531372
496.0000000000,1572533422.462,3433.000000000,-14.29204900000,-1.752643000000,-43.35809600000,1122.028000000,279.2099609375,-257.2000732422,-109.5616531372
497.0000000000,1572533422.542,3433.000000000,-14.32535700000,-1.788132000000,-43.79126400000,1122.108000000,279.2099609375,-257.2000732422,-109.5616531372
498.0000000000,1572533422.618,3433.000000000,-14.28773200000,-1.749040000000,-43.49919200000,1122.184000000,279.2099609375,-257.2000732422,-109.5616531372
499.0000000000,1572533422.696,3433.000000000,-14.25670200000,-1.680158000000,-43.08272000000,1122.262000000,279.2099609375,-257.2000732422,-109.5616531372
500.0000000000,1572533422.771,3433.000000000,-14.34730900000,-1.669991000000,-43.39821200000,1122.337000000,279.2099609375,-257.2000732422,-109.5616531372
501.0000000000,1572533422.859,3433.000000000,-14.29798700000,-1.720487000000,-43.65911200000,1122.425000000,279.2099609375,-257.2000732422,-109.5616531372
502.0000000000,1572533422.937,3433.000000000,-14.34338600000,-1.705992000000,-43.53648000000,1122.503000000,279.2099609375,-257.2000732422,-109.5616531372
503.0000000000,1572533423.017,3433.000000000,-14.35765200000,-1.711455000000,-43.62158400000,1122.583000000,279.2099609375,-257.2000732422,-109.5616531372
504.0000000000,1572533423.091,3433.000000000,-14.33491000000,-1.710845000000,-43.68372800000,1122.657000000,279.2099609375,-257.2000732422,-109.5616531372
505.0000000000,1572533423.173,3433.000000000,-14.32487400000,-1.675540000000,-43.48436000000,1122.739000000,279.2099609375,-257.2000732422,-109.5616531372
506.0000000000,1572533423.262,3433.000000000,-14.28612600000,-1.692559000000,-43.39545200000,1122.828000000,279.2099609375,-257.2000732422,-109.5616531372
507.0000000000,1572533423.342,3433.000000000,-14.30287100000,-1.693476000000,-43.53506000000,1122.908000000,279.2099609375,-257.2000732422,-109.5616531372
508.0000000000,1572533423.417,3433.000000000,-14.28736700000,-1.653355000000,-43.46492000000,1122.983000000,279.2099609375,-257.2000732422,-109.5616531372
509.0000000000,1572533423.495,3433.000000000,-14.32146300000,-1.664443000000,-43.48365200000,1123.061000000,279.2099609375,-257.2000732422,-109.5616531372
510.0000000000,1572533423.570,3433.000000000,-14.30521700000,-1.644965000000,-43.29147600000,1123.136000000,279.2099609375,-257.2000732422,-109.5616531372
511.0000000000,1572533423.649,3433.000000000,-14.36961600000,-1.632357000000,-43.43117600000,1123.215000000,279.2099609375,-257.2000732422,-109.5616531372
512.0000000000,1572533423.724,3433.000000000,-14.31957900000,-1.650654000000,-43.32968000000,1123.290000000,279.2099609375,-257.2000732422,-109.5616531372
513.0000000000,1572533423.804,3433.000000000,-14.32176800000,-1.637324000000,-43.35936000000,1123.370000000,279.2099609375,-257.2000732422,-109.5616531372
514.0000000000,1572533423.879,3433.000000000,-14.31360500000,-1.621115000000,-43.28695200000,1123.445000000,279.2099609375,-257.2000732422,-109.5616531372
515.0000000000,1572533423.957,3433.000000000,-14.30671000000,-1.593233000000,-43.32660800000,1123.523000000,279.2099609375,-257.2000732422,-109.5616531372
516.0000000000,1572533424.033,3433.000000000,-14.32649600000,-1.609066000000,-43.26308000000,1123.599000000,279.2099609375,-257.2000732422,-109.5616531372
517.0000000000,1572533424.111,3433.000000000,-14.31794400000,-1.623459000000,-43.24448000000,1123.677000000,279.2099609375,-257.2000732422,-109.5616531372
518.0000000000,1572533424.194,3433.000000000,-14.35963900000,-1.641306000000,-43.42836400000,1123.760000000,279.2099609375,-257.2000732422,-109.5616531372
519.0000000000,1572533424.274,3433.000000000,-14.29125000000,-1.593138000000,-43.31770000000,1123.840000000,279.2099609375,-257.2000732422,-109.5616531372
520.0000000000,1572533424.349,3433.000000000,-14.34337600000,-1.635918000000,-43.36005200000,1123.915000000,279.2099609375,-257.2000732422,-109.5616531372
521.0000000000,1572533424.429,3433.000000000,-14.31489500000,-1.589491000000,-43.30904400000,1123.995000000,279.2099609375,-257.2000732422,-109.5616531372
522.0000000000,1572533424.506,3433.000000000,-14.32280800000,-1.597939000000,-43.33054000000,1124.072000000,279.2099609375,-257.2000732422,-109.5616531372
523.0000000000,1572533424.585,3433.000000000,-14.32047100000,-1.616251000000,-43.25087200000,1124.151000000,279.2099609375,-257.2000732422,-109.5616531372
524.0000000000,1572533424.662,3433.000000000,-14.32817900000,-1.579661000000,-43.22774400000,1124.228000000,279.2099609375,-257.2000732422,-109.5616531372
525.0000000000,1572533424.739,3433.000000000,-14.30553600000,-1.593309000000,-43.31702400000,1124.305000000,279.2099609375,-257.2000732422,-109.5616531372
526.0000000000,1572533424.814,3433.000000000,-14.29604700000,-1.581137000000,-43.31988400000,1124.380000000,279.2099609375,-257.2000732422,-109.5616531372
527.0000000000,1572533424.894,3433.000000000,-14.30613700000,-1.591623000000,-43.24533600000,1124.460000000,279.2099609375,-257.2000732422,-109.5616531372
528.0000000000,1572533424.980,3433.000000000,-14.28311700000,-1.552078000000,-43.14736400000,1124.546000000,279.2099609375,-257.2000732422,-109.5616531372
529.0000000000,1572533425.059,3433.000000000,-14.29114500000,-1.584707000000,-43.22255600000,1124.625000000,279.2099609375,-257.2000732422,-109.5616531372
530.0000000000,1572533425.135,3433.000000000,-14.31726100000,-1.560186000000,-43.16650400000,1124.701000000,279.2099609375,-257.2000732422,-109.5616531372
531.0000000000,1572533425.214,3433.000000000,-14.30090900000,-1.569443000000,-43.27098400000,1124.780000000,279.2099609375,-257.2000732422,-109.5616531372
532.0000000000,1572533425.290,3433.000000000,-14.29383900000,-1.531376000000,-43.12668800000,1124.856000000,279.2099609375,-257.2000732422,-109.5616531372
533.0000000000,1572533425.368,3433.000000000,-14.34443300000,-1.594932000000,-43.29097200000,1124.934000000,279.2099609375,-257.2000732422,-109.5616531372
534.0000000000,1572533425.446,3433.000000000,-14.30172300000,-1.587454000000,-43.21409600000,1125.012000000,279.2099609375,-257.2000732422,-109.5616531372
535.0000000000,1572533425.524,3433.000000000,-14.27578100000,-1.576004000000,-43.21247200000,1125.090000000,279.2099609375,-257.2000732422,-109.5616531372
536.0000000000,1572533425.597,3433.000000000,-14.28884000000,-1.549744000000,-43.10160000000,1125.163000000,279.2099609375,-257.2000732422,-109.5616531372
537.0000000000,1572533425.687,3433.000000000,-14.30338100000,-1.578086000000,-43.25843600000,1125.253000000,279.2099609375,-257.2000732422,-109.5616531372
538.0000000000,1572533425.765,3433.000000000,-14.28434200000,-1.506451000000,-43.12680800000,1125.331000000,279.2099609375,-257.2000732422,-109.5616531372
539.0000000000,1572533425.844,3433.000000000,-14.27820400000,-1.541377000000,-43.04489600000,1125.410000000,279.2099609375,-257.2000732422,-109.5616531372
540.0000000000,1572533425.921,3433.000000000,-14.32938300000,-1.547770000000,-43.17258800000,1125.487000000,279.2099609375,-257.2000732422,-109.5616531372
541.0000000000,1572533426.017,3433.000000000,-14.30779800000,-1.535376000000,-43.06352800000,1125.583000000,279.2099609375,-257.2000732422,-109.5616531372
542.0000000000,1572533426.093,3433.000000000,-14.35668100000,-1.558574000000,-43.25924800000,1125.659000000,279.2099609375,-257.2000732422,-109.5616531372
543.0000000000,1572533426.202,3433.000000000,-14.35635300000,-1.546429000000,-43.20761200000,1125.768000000,279.2099609375,-257.2000732422,-109.5616531372
544.0000000000,1572533426.290,3433.000000000,-14.30439900000,-1.502536000000,-43.11026400000,1125.856000000,279.2099609375,-257.2000732422,-109.5616531372
545.0000000000,1572533426.371,3433.000000000,-14.29179400000,-1.513829000000,-43.03872000000,1125.937000000,279.2099609375,-257.2000732422,-109.5616531372
546.0000000000,1572533426.447,3433.000000000,-14.31479700000,-1.545796000000,-43.06926400000,1126.013000000,279.2099609375,-257.2000732422,-109.5616531372
547.0000000000,1572533426.525,3433.000000000,-14.29844400000,-1.556817000000,-43.09505600000,1126.091000000,279.2099609375,-257.2000732422,-109.5616531372
548.0000000000,1572533426.603,3433.000000000,-14.29121200000,-1.534731000000,-43.08056800000,1126.169000000,279.2099609375,-257.2000732422,-109.5616531372
549.0000000000,1572533426.683,3433.000000000,-14.31434700000,-1.533397000000,-43.19191200000,1126.249000000,279.2099609375,-257.2000732422,-109.5616531372
550.0000000000,1572533426.762,3433.000000000,-14.31079900000,-1.509234000000,-43.20296400000,1126.328000000,279.2099609375,-257.2000732422,-109.5616531372
551.0000000000,1572533426.841,3433.000000000,-14.33794800000,-1.547512000000,-43.24232000000,1126.407000000,279.2099609375,-257.2000732422,-109.5616531372
552.0000000000,1572533426.915,3433.000000000,-14.31840000000,-1.546877000000,-43.20716000000,1126.481000000,279.2099609375,-257.2000732422,-109.5616531372
553.0000000000,1572533427.006,3433.000000000,-14.26836300000,-1.529111000000,-43.03829200000,1126.572000000,279.2099609375,-257.2000732422,-109.5616531372
554.0000000000,1572533427.082,3434.000000000,-14.19134400000,-0.9812260000000,-34.63112800000,1126.648000000,279.2099609375,-257.2000732422,-109.5616531372
555.0000000000,1572533427.166,3435.000000000,-13.94635300000,-0.8023450000000,-34.88564000000,1126.732000000,279.2100219727,-257.2001037598,-109.5460433960
556.0000000000,1572533427.243,3435.000000000,-13.92847000000,-0.7990370000000,-34.82994800000,1126.809000000,279.2099914551,-257.2001037598,-109.0619201660
557.0000000000,1572533427.459,3435.000000000,-13.94162700000,-0.7797430000000,-34.78380400000,1127.025000000,279.2100524902,-257.2000732422,-108.4372558594
558.0000000000,1572533427.537,3436.000000000,-13.92239900000,-0.8264770000000,-34.77877600000,1127.103000000,279.2100219727,-257.2000732422,-107.9999847412
559.0000000000,1572533427.623,3437.000000000,-13.92939500000,-0.7973320000000,-34.74072800000,1127.189000000,279.2100830078,-257.2001037598,-107.9468841553
560.0000000000,1572533427.703,3437.000000000,-13.92005100000,-0.8453510000000,-34.77164400000,1127.269000000,279.2100219727,-257.2000732422,-106.4866790771
561.0000000000,1572533427.781,3437.000000000,-13.93942100000,-0.8219110000000,-34.79268800000,1127.347000000,279.2100524902,-257.2001037598,-105.0530853271
562.0000000000,1572533427.856,3437.000000000,-13.95274400000,-0.7801150000000,-34.79427600000,1127.422000000,279.2100830078,-257.2000732422,-103.4601516724
563.0000000000,1572533427.935,3437.000000000,-13.92363500000,-0.8058650000000,-34.80972000000,1127.501000000,279.2100524902,-257.2000427246,-102.0265350342
564.0000000000,1572533428.027,3437.000000000,-13.94443700000,-0.8132040000000,-34.78422400000,1127.593000000,279.2100830078,-257.2001037598,-100.1150207520
565.0000000000,1572533428.112,3437.000000000,-13.95420000000,-0.7584990000000,-34.77791200000,1127.678000000,279.2100219727,-257.2000732422,-98.52209472656
566.0000000000,1572533428.188,3437.000000000,-13.95177700000,-0.8220680000000,-34.78510800000,1127.754000000,279.2100219727,-257.2001037598,-96.92918395996
567.0000000000,1572533428.266,3437.000000000,-13.94455100000,-0.7963230000000,-34.78963200000,1127.832000000,279.2100219727,-257.2001037598,-95.33626556396
568.0000000000,1572533428.343,3437.000000000,-13.95432800000,-0.8076500000000,-34.74174000000,1127.909000000,279.2100219727,-257.2000427246,-93.90261840820
569.0000000000,1572533428.422,3437.000000000,-13.98600700000,-0.7725520000000,-34.76078000000,1127.988000000,279.2099914551,-257.2000122070,-92.30970764160
570.0000000000,1572533428.621,3437.000000000,-13.96939900000,-0.7858280000000,-34.73511200000,1128.187000000,279.2099914551,-257.2000427246,-90.41944885254
571.0000000000,1572533428.699,3438.000000000,-13.95837100000,-0.8292210000000,-34.75064000000,1128.265000000,279.2100219727,-257.2000732422,-90.00000762939
